1-PAGE LIMITED,1PG
1300 SMILES LIMITED,ONT
1ST AVAILABLE LTD,1ST
360 CAPITAL GROUP,TGP
360 CAPITAL INDUSTRIAL FUND,TIX
360 CAPITAL OFFICE FUND,TOF
360 CAPITAL TOTAL RETURN FUND,TOT
3D OIL LIMITED,TDO
3D RESOURCES LIMITED,DDD
3P LEARNING LIMITED..,3PL
4DS MEMORY LIMITED,4DS
88 ENERGY LIMITED,88E
8COMMON LIMITED,8CO
8I HOLDINGS LTD,8IH
8IP EMERGING COMPANIES LIMITED,8EC
99 WUXIAN LIMITED,NNW
A-CAP RESOURCES LIMITED,ACB
A1 CONSOLIDATED GOLD LIMITED,AYC
A1 INVESTMENTS & RESOURCES LTD,AYI
ABACUS PROPERTY GROUP,ABP
ABERDEEN LEADERS LIMITED,ALR
ABILENE OIL AND GAS LIMITED,ABL
ABM RESOURCES NL,ABU
ABSOLUTE EQUITY PERFORMANCE FUND LIMITED,AEG
ABUNDANT PRODUCE LIMITED,ABT
ACACIA COAL LIMITED,AJC
ACADEMIES AUSTRALASIA GROUP LIMITED,AKG
ACCENT RESOURCES NL,ACS
ACONEX LIMITED,ACX
ACORN CAPITAL INVESTMENT FUND LIMITED,ACQ
ACRUX LIMITED,ACR
ACTINOGEN MEDICAL LIMITED,ACW
ACTIVEX LIMITED,AIV
ACTIVISTIC LIMITED,ACU
ADACEL TECHNOLOGIES LIMITED,ADA
ADAIRS LIMITED,ADH
ADAVALE RESOURCES LIMITED,ADD
ADCORP AUSTRALIA LIMITED,AAU
ADELAIDE BRIGHTON LIMITED,ABC
ADELAIDE RESOURCES LIMITED,ADN
ADG GLOBAL SUPPLY LIMITED.,ADQ
ADHERIUM LIMITED,ADR
ADITYA BIRLA MINERALS LIMITED,ABY
ADMEDUS LTD,AHZ
ADMIRALTY RESOURCES NL.,ADY
ADSLOT LTD,ADJ
ADVANCED BRAKING TECHNOLOGY LTD,ABV
ADVANCED SHARE REGISTRY LIMITED,ASW
ADX ENERGY LTD,ADX
AEERIS LTD,AER
AEON METALS LIMITED.,AML
AERIS ENVIRONMENTAL LTD,AEI
AERIS RESOURCES LIMITED,AIS
AFRICAN ENERGY RESOURCES LIMITED,AFR
AFT CORPORATION LIMITED,AFT
AFT PHARMACEUTICALS LIMITED,AFP
AFTERPAY HOLDINGS LIMITED,AFY
AGENIX LIMITED,AGX
AGL ENERGY LIMITED.,AGL
AGRICULTURAL LAND TRUST,AGJ
AGRIMIN LIMITED,AMN
AGUIA RESOURCES LIMITED,AGR
AHALIFE HOLDINGS LIMITED,AHL
AIMS PROPERTY SECURITIES FUND,APW
AINSWORTH GAME TECHNOLOGY LIMITED,AGI
AIR NEW ZEALAND LIMITED,AIZ
AIRXPANDERS, INC.
AJ LUCAS GROUP LIMITED,AJL
ALACER GOLD CORP.,AQG
ALARA RESOURCES LIMITED,AUQ
ALCHEMIA LIMITED,ACL
ALCHEMY RESOURCES LIMITED,ALY
ALCIDION GROUP LIMITED,ALC
ALCOA INC.,AAI
ALE PROPERTY GROUP,LEP
ALEXIUM INTERNATIONAL GROUP LIMITED,AJX
ALGAE.TEC LIMITED,AEB
ALICANTO MINERALS LIMITED,AQI
ALICE QUEEN LIMITED,AQX
ALKANE RESOURCES LIMITED,ALK
ALLEGIANCE COAL LIMITED,AHQ
ALLEGRA ORTHOPAEDICS LIMITED,AMT
ALLIANCE AVIATION SERVICES LIMITED,AQZ
ALLIANCE RESOURCES LIMITED,AGS
ALLIGATOR ENERGY LIMITED,AGE
ALLOY RESOURCES LIMITED,AYR
ALS LIMITED,ALQ
ALT RESOURCES LIMITED,ARS
ALTECH CHEMICALS LTD,ATC
ALTERNATIVE INVESTMENT TRUST,AIQ
ALTERRA LIMITED,1AG
ALTIUM LIMITED,ALU
ALTONA MINING LIMITED,AOH
ALTURA MINING LIMITED,AJM
ALUMINA LIMITED,AWC
AMA GROUP LIMITED,AMA
AMAYSIM AUSTRALIA LIMITED,AYS
AMBERTECH LIMITED,AMO
AMBITION GROUP LIMITED,AMB
AMCIL LIMITED,AMH
AMCOR LIMITED,AMC
AMERICAN PATRIOT OIL & GAS LIMITED,AOW
AMEX RESOURCES LIMITED,AXZ
AMP CAPITAL CHINA GROWTH FUND,AGF
AMP LIMITED,AMP
ANAECO LIMITED,ANQ
ANALYTICA LIMITED,ALT
ANATARA LIFESCIENCES LTD,ANR
ANCHOR RESOURCES LIMITED,AHR
ANEKA TAMBANG (PERSERO) TBK (PT),ATM
ANGLO AMERICAN CAPITAL PLC,AQM
ANGLO AUSTRALIAN RESOURCES NL,AAR
ANGLOGOLD ASHANTI LIMITED,AGG
ANIMOCA BRANDS CORPORATION LIMITED,AB1
ANOVA METALS LIMITED,AWV
ANSELL LIMITED,ANN
ANSON RESOURCES LIMITED,ASN
ANTARES ENERGY LIMITED,AZZ
ANTARES MINING LIMITED,AWW
ANTARIA LIMITED,ANO
ANTEO DIAGNOSTICS LIMITED,ADO
ANTILLES OIL AND GAS NL,AVD
ANTIPA MINERALS LIMITED,AZY
ANTISENSE THERAPEUTICS LIMITED,ANP
AP EAGERS LIMITED,APE
APA GROUP,APA
APAC COAL LIMITED,AAL
APHRODITE GOLD LIMITED,AQQ
APIAM ANIMAL HEALTH LIMITED,AHX
APN NEWS & MEDIA LIMITED,APN
APN OUTDOOR GROUP LIMITED,APO
APN PROPERTY GROUP LIMITED,APD
APOLLO CONSOLIDATED LIMITED,AOP
APOLLO MINERALS LIMITED,AON
APOLLO SERIES 2007-1E TRUST,AOY
APOLLO SERIES 2010-1 TRUST,AOJ
APOLLO SERIES 2013-1 TRUST,AOR
APOLLO SERIES 2015-1 TRUST,AOL
APPEN LIMITED,APX
APPLABS TECHNOLOGIES LTD,ALA
APPLYDIRECT LIMITED,AD1
APT PIPELINES LIMITED.,AQH
AQUAINT CAPITAL HOLDINGS LIMITED,AQU
AQUIS ENTERTAINMENT LIMITED,AQS
ARAFURA RESOURCES LIMITED,ARU
ARB CORPORATION LIMITED.,ARB
ARC EXPLORATION LIMITED,ARX
ARCHER EXPLORATION LIMITED,AXE
ARDENT LEISURE GROUP,AAD
ARDIDEN LTD,ADV
ARENA REIT.,ARF
ARGENT MINERALS LIMITED,ARD
ARGO EXPLORATION LIMITED,AXT
ARGO GLOBAL LISTED INFRASTRUCTURE LIMITED,ALI
ARGO INVESTMENTS LIMITED,ARG
ARGONAUT RESOURCES NL,ARE
ARGOSY MINERALS LIMITED,AGY
ARIADNE AUSTRALIA LIMITED,ARA
ARISTOCRAT LEISURE LIMITED,ALL
ARK MINES LIMITED,AHK
ARMIDALE INVESTMENT CORPORATION LIMITED,AIK
ARMOUR ENERGY LIMITED,AJQ
AROWANA AUSTRALASIAN VALUE OPPORTUNITIES FUND LIMITED,AWQ
AROWANA INTERNATIONAL LIMITED,AWN
ARRIUM LIMITED,ARI
ARROWHEAD RESOURCES LIMITED,AR1
ARTEMIS RESOURCES LIMITED,ARV
ARUMA RESOURCES LIMITED,AAJ
ARUNTA RESOURCES LIMITED,AJR
ASALEO CARE LIMITED,AHY
ASAPLUS RESOURCES LIMITED,AJY
ASCIANO LIMITED,AIO
ASF GROUP LIMITED,AFA
ASG GROUP LIMITED,ASZ
ASHLEY SERVICES GROUP LIMITED,ASH
ASIA PACIFIC DATA CENTRE GROUP,AJD
ASIA PACIFIC DIGITAL LIMITED,DIG
ASIAN AMERICAN MEDICAL GROUP LIMITED,AJJ
ASIAN DEVELOPMENT BANK,ATB
ASIAN MASTERS FUND LIMITED,AUF
ASK FUNDING LIMITED,AKF
ASPEN GROUP,APZ
ASPERMONT LIMITED.,ASP
ASPIRE MINING LIMITED,AKM
ASSEMBLEBAY LIMITED,ASY
ASTIVITA LIMITED,AIR
ASTRO JAPAN PROPERTY GROUP,AJA
ASTRO RESOURCES NL,ARO
ASTRON CORPORATION LIMITED,ATR
ASX LIMITED,ASX
ATC ALLOYS LTD,ATA
ATCOR MEDICAL HOLDINGS LIMITED,ACG
ATHENA RESOURCES LIMITED,AHN
ATLANTIC LIMITED,ATI
ATLAS IRON LIMITED,AGO
ATLAS PEARLS AND PERFUMES LTD,ATP
ATRUM COAL NL,ATU
ATTILA RESOURCES LIMITED,AYA
AUB GROUP LIMITED,AUB
AUCKLAND INTERNATIONAL AIRPORT LIMITED,AIA
AUDALIA RESOURCES LIMITED,ACP
AUDIO PIXELS HOLDINGS LIMITED,AKP
AUGUR RESOURCES LIMITED,AUK
AURA ENERGY LIMITED,AEE
AURELIA METALS LIMITED,AMI
AURIZON HOLDINGS LIMITED,AZJ
AUROCH MINERALS NL,AOU
AURORA ABSOLUTE RETURN FUND,ABW
AURORA DIVIDEND INCOME TRUST (MANAGED FUND),AOD
AURORA GLOBAL INCOME TRUST,AIB
AURORA MINERALS LIMITED,ARM
AURORA PROPERTY BUY-WRITE INCOME TRUST,AUP
AUS ASIA MINERALS LIMITED,AQJ
AUS TIN MINING LTD,ANW
AUSDRILL LIMITED,ASL
AUSENCO LIMITED,AAX
AUSGOLD LIMITED,AUC
AUSMON RESOURCES LIMITED,AOA
AUSNET SERVICES HOLDINGS PTY LTD,ANV
AUSNET SERVICES LIMITED,AST
AUSQUEST LIMITED,AQD
AUSROC METALS LTD,ARK
AUSTAL LIMITED,ASB
AUSTEX OIL LIMITED,AOK
AUSTIN ENGINEERING LIMITED,ANG
AUSTIN EXPLORATION LIMITED,AKK
AUSTOCK GROUP LIMITED,ACK
AUSTPAC RESOURCES NL,APG
AUSTRAL GOLD LIMITED,AGD
AUSTRALASIAN RESOURCES LIMITED,ARH
AUSTRALASIAN WEALTH INVESTMENTS LIMITED.,AWI
AUSTRALIA AND NEW ZEALAND BANKING GROUP LIMITED,ANZ
AUSTRALIA CHINA HOLDINGS LIMITED,AAK
AUSTRALIA NEW AGRIBUSINESS & CHEMICAL GROUP LTD,ANB
AUSTRALIA UNITED MINING LIMITED,AYM
AUSTRALIAN AGRICULTURAL COMPANY LIMITED.,AAC
AUSTRALIAN AGRICULTURAL PROJECTS LIMITED,AAP
AUSTRALIAN BAUXITE LIMITED.,ABX
AUSTRALIAN CAREERS NETWORK LIMITED,ACO
AUSTRALIAN COMMONWEALTH GOVERNMENT LOANS,XCL
AUSTRALIAN DAIRY FARMS GROUP,AHF
AUSTRALIAN ENHANCED INCOME FUND,AYF
AUSTRALIAN ETHICAL INVESTMENT LIMITED,AEF
AUSTRALIAN FINANCE GROUP LTD,AFG
AUSTRALIAN FOUNDATION INVESTMENT COMPANY LIMITED,AFI
AUSTRALIAN GOVERNANCE MASTERS INDEX FUND LIMITED,AQF
AUSTRALIAN GOVERNMENT TREASURY BONDS,GSB
AUSTRALIAN GOVERNMENT TREASURY INDEXED BONDS,GSI
AUSTRALIAN LEADERS FUND LIMITED,ALF
AUSTRALIAN MASTERS CORPORATE BOND FUND NO 5 LIMITED,AKY
AUSTRALIAN MASTERS YIELD FUND NO 1 LIMITED,AYD
AUSTRALIAN MASTERS YIELD FUND NO 2 LIMITED,AYH
AUSTRALIAN MASTERS YIELD FUND NO 3 LIMITED,AYJ
AUSTRALIAN MASTERS YIELD FUND NO 4 LIMITED,AYK
AUSTRALIAN MASTERS YIELD FUND NO 5 LIMITED,AYZ
AUSTRALIAN MINES LIMITED,AUZ
AUSTRALIAN NATURAL PROTEINS LIMITED,AYB
AUSTRALIAN PACIFIC COAL LIMITED,AQC
AUSTRALIAN PHARMACEUTICAL INDUSTRIES LIMITED,API
AUSTRALIAN RENEWABLE FUELS LIMITED,ARW
AUSTRALIAN RURAL CAPITAL LIMITED,ARC
AUSTRALIAN UNITED INVESTMENT COMPANY LIMITED,AUI
AUSTRALIAN UNITY LIMITED,AYU
AUSTRALIAN VANADIUM LIMITED,AVL
AUSTRALIAN VINTAGE LTD,AVG
AUSTRALIAN WHISKY HOLDINGS LIMITED,AWY
AUSWIDE BANK LTD,ABA
AUTHORISED INVESTMENT FUND LIMITED,AIY
AUTOMOTIVE HOLDINGS GROUP LIMITED.,AHG
AVALON MINERALS LIMITED,AVI
AVANCO RESOURCES LIMITED,AVB
AVENIRA LIMITED,AEV
AVENTUS RETAIL PROPERTY FUND,AVN
AVEO GROUP,AOG
AVEXA LIMITED,AVX
AVITA MEDICAL LTD,AVH
AVJENNINGS LIMITED,AVJ
AVZ MINERALS LIMITED,AVZ
AWE LIMITED,AWE
AXA,AXJ
AXIOM MINING LIMITED,AVQ
AXIOM PROPERTIES LIMITED,AXI
AXXIS TECHNOLOGY GROUP LTD,AYG
AZONTO PETROLEUM LTD,APY
AZUMAH RESOURCES LIMITED,AZM
AZURE HEALTHCARE LIMITED,AZV
AZURE MINERALS LIMITED,AZS
BABY BUNTING GROUP LIMITED,BBN
BAILADOR TECHNOLOGY INVESTMENTS LIMITED,BTI
BANDANNA ENERGY LIMITED,BND
BANK OF QUEENSLAND LIMITED.,BOQ
BANNERMAN RESOURCES LIMITED,BMN
BARAKA ENERGY & RESOURCES LIMITED,BKP
BARRA RESOURCES LIMITED,BAR
BARRACK ST INVESTMENTS LIMITED,BST
BASE RESOURCES LIMITED,BSE
BASS METALS LTD,BSM
BASS STRAIT OIL COMPANY LIMITED,BAS
BASSARI RESOURCES LIMITED,BSR
BATHURST RESOURCES LIMITED.,BRL
BAUMART HOLDINGS LIMITED,BMH
BAUXITE RESOURCES LIMITED,BAU
BBX MINERALS LIMITED,BBX
BC IRON LIMITED,BCI
BCD RESOURCES NL,BCD
BEACH ENERGY LIMITED,BPT
BEACON LIGHTING GROUP LIMITED,BLX
BEACON MINERALS LIMITED,BCN
BEADELL RESOURCES LIMITED,BDR
BEGA CHEESE LIMITED,BGA
BELL FINANCIAL GROUP LIMITED,BFG
BELLAMY'S AUSTRALIA LIMITED,BAL
BENDIGO AND ADELAIDE BANK LIMITED,BEN
BENITEC BIOPHARMA LIMITED,BLT
BENTLEY CAPITAL LIMITED,BEL
BERKELEY ENERGIA LIMITED,BKY
BESTON GLOBAL FOOD COMPANY LIMITED,BFC
BEYOND INTERNATIONAL LIMITED,BYI
BGD CORPORATION LTD,BGD
BHP BILLITON LIMITED,BHP
BIG UN LIMITED,BIG
BIGAIR GROUP LIMITED,BGL
BILLABONG INTERNATIONAL LIMITED,BBG
BIONOMICS LIMITED,BNO
BIOTECH CAPITAL LIMITED,BTC
BIOTRON LIMITED,BIT
BIOXYNE LIMITED,BXN
BIRCH AND PRESTIGE INVESTMENT GROUP LIMITED,BOP
BIRIMIAN GOLD LIMITED,BGS
BISALLOY STEEL GROUP LIMITED,BIS
BISAN LIMITED,BSN
BITCOIN GROUP LIMITED,BCG
BKI INVESTMENT COMPANY LIMITED,BKI
BKM MANAGEMENT LIMITED,BKM
BLACK MOUNTAIN RESOURCES LIMITED,BMZ
BLACK OAK MINERALS LIMITED,BOK
BLACK RIDGE MINING NL,BRD
BLACK ROCK MINING LIMITED,BKT
BLACK STAR PETROLEUM LIMITED,BSP
BLACKGOLD INTERNATIONAL HOLDINGS LIMITED,BGG
BLACKHAM RESOURCES LIMITED,BLK
BLACKMORES LIMITED,BKL
BLACKWALL PROPERTY FUNDS LIMITED,BWF
BLACKWALL PROPERTY TRUST,BWR
BLAZE INTERNATIONAL LIMITED,BLZ
BLIGH RESOURCES LIMITED,BGH
BLINA MINERALS NL,BDI
BLUE ENERGY LIMITED,BUL
BLUE SKY ALTERNATIVE INVESTMENTS LIMITED,BLA
BLUE SKY ALTERNATIVES ACCESS FUND LIMITED,BAF
BLUECHIIP LIMITED,BCT
BLUENERGY GROUP LIMITED,BEG
BLUESCOPE STEEL LIMITED,BSL
BLUGLASS LIMITED,BLG
BMG RESOURCES LIMITED,BMG
BOADICEA RESOURCES LIMITED,BOA
BOART LONGYEAR LIMITED,BLY
BONE MEDICAL LIMITED,BNE
BOOM LOGISTICS LIMITED,BOL
BORA BORA RESOURCES LIMITED,BBR
BORAL LIMITED.,BLD
BOSS RESOURCES LIMITED,BOE
BOTSWANA METALS LIMITED,BML
BOUGAINVILLE COPPER LIMITED,BOC
BOUNTY OIL & GAS NL,BUY
BP CAPITAL MARKETS PLC,BPB
BPH ENERGY LTD,BPH
BPS TECHNOLOGY LIMITED,BPS
BRADKEN LIMITED,BKN
BRAIN RESOURCE LIMITED,BRC
BRAINCHIP HOLDINGS LTD,BRN
BRAMBLES LIMITED,BXB
BRAND NEW VINTAGE LIMITED,BNV
BRAZIRON LIMITED,BZL
BREAKER RESOURCES NL,BRB
BREVILLE GROUP LIMITED,BRG
BRICKWORKS LIMITED,BKW
BRIDGE GLOBAL CAPITAL MANAGEMENT LIMITED,BGC
BRIERTY LIMITED,BYL
BRIGHTON MINING GROUP LIMITED,BTN
BRISBANE BRONCOS LIMITED,BBL
BROAD INVESTMENTS LIMITED,BRO
BROADSPECTRUM LIMITED,BRS
BROCKMAN MINING LIMITED,BCK
BROKEN HILL PROSPECTING LIMITED,BPL
BRONSON GROUP LIMITED,BGR
BROOKFIELD PRIME PROPERTY FUND,BPA
BROOKSIDE ENERGY LIMITED,BRK
BSA LIMITED,BSA
BT INVESTMENT MANAGEMENT LIMITED,BTT
BUDDY PLATFORM LTD,BUD
BUDERIM GROUP LIMITED,BUG
BUILDINGIQ, INC
BULLETIN RESOURCES LIMITED,BNR
BULLETPROOF GROUP LIMITED,BPF
BUREY GOLD LIMITED,BYR
BURLESON ENERGY LIMITED,BUR
BURRABULLA CORPORATION LIMITED,BUA
BURSON GROUP LIMITED,BAP
BURU ENERGY LIMITED,BRU
BUXTON RESOURCES LIMITED,BUX
BUYMYPLACE.COM.AU LIMITED,BMP
BWP TRUST,BWP
BWX LIMITED,BWX
BYRON ENERGY LIMITED,BYE
BYTE POWER GROUP LIMITED,BPG
CABCHARGE AUSTRALIA LIMITED,CAB
CABRAL RESOURCES LIMITED,CBS
CADENCE CAPITAL LIMITED,CDM
CAENEUS MINERALS LTD,CAD
CAISSE FRANCAISE DE FINANCEMENT LOCAL,DXA
CALTEX AUSTRALIA LIMITED,CTX
CANNINDAH RESOURCES LIMITED,CAE
CANYON RESOURCES LIMITED,CAY
CAPE LAMBERT RESOURCES LIMITED,CFE
CAPILANO HONEY LIMITED,CZZ
CAPITAL MINING LIMITED,CMY
CAPITOL HEALTH LIMITED,CAJ
CAPRAL LIMITED,CAA
CAPRICORN METALS LTD,CMM
CAQ HOLDINGS LIMITED,CAQ
CARAVEL MINERALS LIMITED,CVV
CARBINE RESOURCES LIMITED,CRB
CARBINE TUNGSTEN LIMITED,CNQ
CARBON ENERGY LIMITED,CNX
CARBON MINERALS LIMITED,CRM
CARDINAL RESOURCES LIMITED,CDV
CARDNO LIMITED,CDD
CARINDALE PROPERTY TRUST,CDP
CARLTON INVESTMENTS LIMITED,CIN
CARNARVON PETROLEUM LIMITED,CVN
CARNAVALE RESOURCES LIMITED,CAV
CARNEGIE WAVE ENERGY LIMITED,CWE
CARPENTARIA EXPLORATION LIMITED,CAP
CARSALES.COM LIMITED.,CAR
CASH CONVERTERS INTERNATIONAL,CCV
CASSINI RESOURCES LIMITED,CZI
CASTILLO COPPER LIMITED,CCZ
CASTLE MINERALS LIMITED,CDT
CATALYST METALS LIMITED,CYL
CATAPULT GROUP INTERNATIONAL LTD,CAT
CAULDRON ENERGY LIMITED,CXU
CAZALY RESOURCES LIMITED,CAZ
CBG CAPITAL LIMITED,CBC
CBL CORPORATION LIMITED,CBL
CEDAR WOODS PROPERTIES LIMITED,CWP
CELAMIN HOLDINGS NL,CNL
CELLMID LIMITED,CDY
CELLNET GROUP LIMITED,CLT
CELSIUS COAL LIMITED,CLA
CENTAURUS METALS LIMITED,CTM
CENTRAL ASIA RESOURCES LIMITED.,CVR
CENTRAL PETROLEUM LIMITED,CTP
CENTREPOINT ALLIANCE LIMITED,CAF
CENTREX METALS LIMITED,CXM
CENTURIA CAPITAL LIMITED,CNI
CENTURIA METROPOLITAN REIT,CMA
CENTURY AUSTRALIA INVESTMENTS LIMITED,CYA
CERAMIC FUEL CELLS LIMITED,CFU
CERVANTES CORPORATION LIMITED,CVS
CHALICE GOLD MINES LIMITED,CHN
CHALLENGER ENERGY LIMITED,CEL
CHALLENGER LIMITED,CGF
CHALLENGER MILLENNIUM SERIES 2007-1E TRUST,CHJ
CHALLENGER MILLENNIUM SERIES 2007-2L TRUST,CHU
CHALMERS LIMITED,CHR
CHAMPION IRON LIMITED,CIA
CHAPMANS LIMITED,CHP
CHARTER HALL GROUP,CHC
CHARTER HALL RETAIL REIT,CQR
CHARTER PACIFIC CORPORATION LIMITED,CHF
CHESSER RESOURCES LIMITED,CHZ
CHINA CONSTRUCTION BANK CORPORATION,CCB
CHINA DAIRY CORPORATION LIMITED,CDC
CHINA INTEGRATED MEDIA CORPORATION LIMITED,CIK
CHINA MAGNESIUM CORPORATION LIMITED,CMC
CHINA WASTE CORPORATION LIMITED,CWC
CHINALCO YUNNAN COPPER RESOURCES LTD,CYU
CHONGHERR INVESTMENTS LTD,CDH
CHORUS LIMITED,CNU
CI RESOURCES LIMITED,CII
CIMIC GROUP LIMITED,CIM
CIRRUS NETWORKS HOLDINGS LIMITED,CNW
CITATION RESOURCES LTD,CTR
CITIGOLD CORPORATION LIMITED,CTO
CLANCY EXPLORATION LIMITED,CLY
CLARITY OSS LIMITED,CYO
CLARIUS GROUP LIMITED,CND
CLASS LIMITED,CL1
CLASSIC MINERALS LTD,CLZ
CLEAN SEAS TUNA LIMITED,CSS
CLEAN TEQ HOLDINGS LIMITED,CLQ
CLEANAWAY WASTE MANAGEMENT LIMITED,CWY
CLEARVIEW WEALTH LIMITED,CVW
CLEVELAND MINING COMPANY LIMITED,CDG
CLIME CAPITAL LIMITED,CAM
CLIME INVESTMENT MANAGEMENT LTD,CIW
CLINUVEL PHARMACEUTICALS LIMITED,CUV
CLOVER CORPORATION LIMITED,CLV
CMI LIMITED.,CMI
CML GROUP LIMITED,CGR
COAL OF AFRICA LIMITED,CZA
COALBANK LIMITED,CBQ
COATS GROUP PLC,CGW
COCA-COLA AMATIL LIMITED,CCL
COCHLEAR LIMITED,COH
COCKATOO COAL LIMITED,COK
CODAN LIMITED,CDA
COGSTATE LTD,CGS
COHIBA MINERALS LIMITED,CHK
COKAL LIMITED,CKA
COLLABORATE CORPORATION LIMITED,CL8
COLLECTION HOUSE LIMITED,CLH
COLLINS FOODS LIMITED,CKF
COLONIAL HOLDING COMPANY LIMITED,CNG
COMET RESOURCES LIMITED,CRL
COMET RIDGE LIMITED,COI
COMMONWEALTH BANK OF AUSTRALIA.,CBA
COMOPS LIMITED,COM
COMPAGNIE DE FINANCEMENT FONCIER,CFF
COMPUMEDICS LIMITED,CMP
COMPUTERSHARE LIMITED.,CPU
CONDOR BLANCO MINES LIMITED,CDB
CONDOTO PLATINUM NL.,CPD
CONICO LTD,CNJ
CONNEXION MEDIA LIMITED,CXZ
CONSOLIDATED TIN MINES LIMITED,CSD
CONSOLIDATED ZINC LIMITED,CZL
CONTACT ENERGY LIMITED,CEN
CONTANGO INCOME GENERATOR  LIMITED,CIE
CONTANGO MICROCAP LIMITED,CTN
CONTINENTAL COAL LIMITED,CCC
CONVERGENT MINERALS LIMITED,CVG
COOPER ENERGY LIMITED,COE
COPPER STRIKE LIMITED,CSE
COPPERMOLY LIMITED,COY
CORAZON MINING LIMITED,CZN
CORE EXPLORATION LIMITED,CXO
CORIZON LIMITED,CIZ
CORPORATE TRAVEL MANAGEMENT LIMITED,CTD
CORUM GROUP LIMITED,COO
COSTA GROUP HOLDINGS LIMITED,CGC
COTT OIL AND GAS LIMITED,CMT
COUGAR METALS NL,CGM
COUNTPLUS LIMITED,CUP
COUNTY INTERNATIONAL LIMITED,CCJ
COVATA LIMITED,CVT
COVE RESOURCES LIMITED,CVE
COVENTRY GROUP LIMITED,CYG
COVENTRY RESOURCES INC,CYY
COVER-MORE GROUP LIMITED,CVO
COZIRON RESOURCES LIMITED,CZR
CPT GLOBAL LIMITED,CGO
CRADLE RESOURCES LIMITED,CXX
CRATER GOLD MINING LIMITED,CGN
CRE8TEK LIMITED,CR8
CREDIT CORP GROUP LIMITED,CCP
CREDO RESOURCES LIMITED,CRQ
CROMWELL PROPERTY GROUP,CMW
CROSSLAND STRATEGIC METALS LTD,CUX
CROWD MOBILE LIMITED,CM8
CROWN RESORTS LIMITED,CWN
CRUSADE ABS SERIES 2012-1 TRUST,CRI
CRUSADE ABS SERIES 2013-1 TRUST,CUF
CRUSADE ABS SERIES 2015-1 TRUST,CUH
CRUSADE EURO TRUST NO.1E OF 2007,CSN
CRUSADE GLOBAL TRUST NO. 2 OF 2006,CTU
CRUSADE GLOBAL TRUST NO.1 OF 2007,CTH
CRUSADER RESOURCES LIMITED,CAS
CRYOSITE LIMITED,CTE
CSG LIMITED,CSV
CSL LIMITED,CSL
CSR LIMITED,CSR
CTI LOGISTICS LIMITED,CLX
CUDECO LIMITED,CDU
CUE ENERGY RESOURCES LIMITED,CUE
CUESTA COAL LIMITED,CQC
CULLEN RESOURCES LIMITED,CUL
CV CHECK LTD,CV1
CVC LIMITED,CVC
CWH RESOURCES LTD,CWH
CYBG PLC,CYB
CYCLOPHARM LIMITED,CYC
CYNATA THERAPEUTICS LIMITED,CYP
DACIAN GOLD LIMITED,DCN
DAKOTA MINERALS LIMITED,DKO
DAMPIER GOLD LIMITED,DAU
DANAKALI LIMITED,DNK
DARK HORSE RESOURCES LIMITED,DHR
DART MINING NL,DTM
DATA#3 LIMITED,DTL
DATADOT TECHNOLOGY LIMITED,DDT
DATELINE RESOURCES LIMITED,DTR
DATETIX GROUP LTD,DTX
DE GREY MINING LIMITED,DEG
DECIMAL SOFTWARE LIMITED,DSX
DECMIL GROUP LIMITED,DCG
DEEP YELLOW LIMITED,DYL
DELECTA LIMITED,DLC
DELTA SBD LIMITED,DSB
DEMPSEY MINERALS LIMITED,DMI
DEPARTMENT 13 INTERNATIONAL LTD,D13
DESANE GROUP HOLDINGS LIMITED,DGH
DEVINE LIMITED,DVN
DEXUS PROPERTY GROUP,DXS
DGO GOLD LIMITED,DGO
DGR GLOBAL LIMITED,DGR
DIATREME RESOURCES LIMITED,DRX
DICK SMITH HOLDINGS LIMITED,DSH
DICKER DATA LIMITED,DDR
DIGIMATIC GROUP LIMITED,DMC
DIGITALX LIMITED,DCC
DIMERIX LIMITED,DXB
DING SHENG XIN FINANCE CO. LIMITED,DXF
DIPLOMA GROUP LIMITED,DGX
DIRECTMONEY LIMITED,DM1
DISCOVERY AFRICA LIMITED,DAF
DISRUPTIVE INVESTMENT GROUP LIMITED,DVI
DIVERSA LIMITED,DVA
DIVERSIFIED UNITED INVESTMENT LIMITED,DUI
DJERRIWARRH INVESTMENTS LIMITED,DJW
DNB NOR BOLIGKREDITT AS,DBN
DOME GOLD MINES LIMITED,DME
DOMINO'S PIZZA ENTERPRISES LIMITED,DMP
DONACO INTERNATIONAL LIMITED,DNA
DONGFANG MODERN AGRICULTURE HOLDING GROUP LIMITED,DFM
DORAY MINERALS LIMITED,DRM
DORSAVI LTD,DVL
DOWNER EDI LIMITED,DOW
DRAGON ENERGY LIMITED,DLE
DRAGON MINING LIMITED,DRA
DRAGON MOUNTAIN GOLD LIMITED,DMG
DRAIG RESOURCES LIMITED,DRG
DRAKE RESOURCES LIMITED,DRK
DRIVER AUSTRALIA ONE TRUST,DAO
DRIVER AUSTRALIA THREE TRUST,DAE
DRIVER AUSTRALIA TWO TRUST,DAQ
DRONESHIELD LIMITED,DRO
DTI GROUP LTD,DTI
DUBBER CORPORATION LIMITED,DUB
DUET GROUP,DUE
DUKETON MINING LIMITED,DKM
DULUXGROUP LIMITED,DLX
DWS LIMITED,DWS
DYESOL LIMITED,DYE
DYNASTY RESOURCES LIMITED,DMA
E & A LIMITED,EAL
EAGLE NICKEL LIMITED,ENL
EAST ENERGY RESOURCES LIMITED,EER
EASTERN GOLDFIELDS LIMITED,EGS
EASTERN IRON LIMITED,EFE
EASTON INVESTMENTS LIMITED,EAS
EBOS GROUP LIMITED,EBO
ECARGO HOLDINGS LIMITED,ECG
ECHO RESOURCES LIMITED,EAR
ECHOICE LIMITED,ECO
ECLIPSE METALS LIMITED.,EPM
ECLIPX GROUP LIMITED,ECX
EDEN ENERGY LIMITED,EDE
ELANOR INVESTORS GROUP,ENN
ELDERS LIMITED,ELD
ELECTRO OPTIC SYSTEMS HOLDINGS LIMITED,EOS
ELEMENTAL MINERALS LIMITED,ELM
ELEMENTOS LIMITED,ELT
ELIXIR PETROLEUM LIMITED,EXR
ELK PETROLEUM LIMITED,ELK
ELLERSTON ASIAN INVESTMENTS LIMITED,EAI
ELLERSTON GLOBAL INVESTMENTS LIMITED,EGI
ELLEX MEDICAL LASERS LIMITED,ELX
ELSMORE RESOURCES LTD,ELR
ELYSIUM RESOURCES LIMITED,EYM
EMBELTON LIMITED,EMB
EMECO HOLDINGS LIMITED,EHL
EMEFCY GROUP LIMITED,EMC
EMERALD RESOURCES NL,EMR
EMERCHANTS LIMITED,EML
EMERGENT RESOURCES LIMITED,EMG
EMERGING MARKETS MASTERS FUND,EMF
EMMERSON RESOURCES LIMITED,ERM
EMPEROR RANGE GROUP LIMITED,ERX
EMPIRE ENERGY GROUP LIMITED,EEG
EMPIRE OIL & GAS NL,EGO
EMPIRE RESOURCES LIMITED,ERL
EMPIRED LTD,EPD
EMU NL,EMU
ENCOUNTER RESOURCES LIMITED,ENR
ENEABBA GAS LIMITED,ENB
ENEGEX LIMITED,ENX
ENERGIA MINERALS LIMITED,EMX
ENERGY ACTION LIMITED,EAX
ENERGY METALS LTD,EME
ENERGY ONE LIMITED,EOL
ENERGY RESOURCES OF AUSTRALIA LIMITED,ERA
ENERGY TECHNOLOGIES LIMITED,EGY
ENERGY WORLD CORPORATION LTD,EWC
ENERJI LTD,ERJ
ENERO GROUP LIMITED,EGG
ENGENCO LIMITED,EGN
ENHANCED OIL & GAS RECOVERY LIMITED,EOR
ENICE HOLDING COMPANY LIMITED,ENC
ENNOX GROUP LTD,EXO
ENSOGO LIMITED,E88
ENSURANCE LTD,ENA
ENTEK ENERGY LTD,ETE
ENTERPRISE METALS LIMITED,ENT
ENTERPRISE URANIUM LIMITED,ENU
ENVIROMISSION LIMITED,EVM
ENVIRONMENTAL CLEAN TECHNOLOGIES LIMITED,ESI
ENVIRONMENTAL GROUP LIMITED (THE),EGL
ENZUMO LIMITED,ENZ
EPHRAIM RESOURCES LIMITED,EPA
EQT HOLDINGS LIMITED,EQT
EQUATOR RESOURCES LTD,EQU
EQUATORIAL RESOURCES LIMITED,EQX
EQUUS MINING LIMITED,EQE
ERM POWER LIMITED,EPW
ESERVGLOBAL LIMITED,ESV
ESPERANCE MINERALS LIMITED,ESM
ESTIA HEALTH LIMITED,EHE
ESTRELLA RESOURCES LIMITED,ESR
ETFS METAL SECURITIES AUSTRALIA LIMITED.,GOL
ETHANE PIPELINE INCOME FUND,EPX
ETHERSTACK PLC,ESK
EUMERALLA RESOURCES LIMITED,EUM
EUMUNDI GROUP LIMITED,EBG
EUREKA GROUP HOLDINGS LIMITED,EGH
EUROGOLD LIMITED,EUG
EUROPEAN METALS HOLDINGS LIMITED,EMH
EUROZ LIMITED,EZL
EVE INVESTMENTS LIMITED,EVE
EVENT HOSPITALITY AND ENTERTAINMENT LTD,EVT
EVOLUTION MINING LIMITED,EVN
EVOLVE EDUCATION GROUP LIMITED,EVO
EVZ LIMITED,EVZ
EXCALIBUR MINING CORPORATION LIMITED,EXM
EXCELSIOR GOLD LIMITED,EXG
EXOMA ENERGY LIMITED,EXE
EXPLAURUM LIMITED,EXU
EXTERRA RESOURCES LIMITED,EXC
EZA CORPORATION LTD,EZA
FACTOR THERAPEUTICS LIMITED,FTT
FAIRFAX MEDIA LIMITED,FXJ
FAIRSTAR RESOURCES LIMITED,FAS
FALCON MINERALS LIMITED,FCN
FANTASTIC HOLDINGS LIMITED,FAN
FAR LIMITED,FAR
FARM PRIDE FOODS LIMITED,FRM
FARMAFORCE LIMITED,FFC
FASTBRICK ROBOTICS LTD,FBR
FATFISH INTERNET GROUP LTD,FFG
FE LIMITED,FEL
FERRUM CRESCENT LIMITED,FCR
FERTOZ LIMITED,FTZ
FFI HOLDINGS LIMITED,FFI
FIDUCIAN GROUP LIMITED,FID
FINBAR GROUP LIMITED,FRI
FINDERS RESOURCES LIMITED,FND
FIRESTONE ENERGY LIMITED,FSE
FIRST GRAPHITE LIMITED,FGR
FIRST GROWTH FUNDS LIMITED,FGF
FIRSTMAC BOND SERIES 3-2005 TRUST,FMM
FIRSTMAC MORTGAGE FUNDING TRUST SERIES 1-2007,FMA
FIRSTWAVE CLOUD TECHNOLOGY LIMITED,FCT
FISHER & PAYKEL HEALTHCARE CORPORATION LIMITED,FPH
FITZROY RIVER CORPORATION LTD,FZR
FLAGSHIP INVESTMENTS LIMITED,FSI
FLAT GLASS INDUSTRIES LIMITED,FGI
FLEETWOOD CORPORATION LIMITED,FWD
FLETCHER BUILDING LIMITED,FBU
FLEXIGROUP LIMITED,FXL
FLEXIROAM LIMITED,FRX
FLIGHT CENTRE TRAVEL GROUP LIMITED,FLT
FLINDERS MINES LIMITED,FMS
FOCUS MINERALS LTD,FML
FOLKESTONE EDUCATION TRUST,FET
FOLKESTONE LIMITED,FLK
FONTERRA SHAREHOLDERS' FUND,FSF
FORTE CONSOLIDATED LIMITED,FRC
FORTESCUE METALS GROUP LTD,FMG
FOSSE MASTER ISSUER PLC,FOB
FOX RESOURCES LIMITED,FXR
FOY GROUP LIMITED,FOY
FRANKLAND RIVER OLIVE COMPANY LIMITED,FLR
FRASER RANGE METALS GROUP LTD,FRN
FREEDOM FOODS GROUP LIMITED,FNP
FREELANCER LIMITED,FLN
FRESHTEL HOLDINGS LIMITED,FRE
FRONTIER CAPITAL GROUP LIMITED,FCG
FRONTIER RESOURCES LIMITED,FNT
FSA GROUP LIMITED,FSA
FUNTASTIC LIMITED,FUN
FUTURE FIBRE TECHNOLOGIES LIMITED,FFT
FUTURE GENERATION GLOBAL INVESTMENT COMPANY LIMITED,FGG
FUTURE GENERATION INVESTMENT COMPANY LIMITED,FGX
FYI RESOURCES LIMITED,FYI
G.U.D. HOLDINGS LIMITED,GUD
G8 COMMUNICATIONS LIMITED,G8C
G8 EDUCATION LIMITED,GEM
GAGE ROADS BREWING CO LIMITED,GRB
GALAXY RESOURCES LIMITED,GXY
GALE PACIFIC LIMITED,GAP
GALILEE ENERGY LIMITED,GLL
GALILEO JAPAN TRUST,GJT
GARDA DIVERSIFIED PROPERTY FUND,GDF
GAS2GRID LIMITED,GGX
GASCOYNE RESOURCES LIMITED,GCY
GATEWAY LIFESTYLE GROUP,GTY
GATEWAY MINING LIMITED,GML
GAZAL CORPORATION LIMITED,GZL
GB ENERGY LIMITED,GBX
GBM GOLD LTD,GBM
GBM RESOURCES LIMITED,GBZ
GBST HOLDINGS LIMITED,GBT
GDI PROPERTY GROUP,GDI
GENERA BIOSYSTEMS LIMITED,GBI
GENERAL MINING CORPORATION LIMITED,GMM
GENERATION HEALTHCARE REIT,GHC
GENESIS ENERGY LIMITED,GNE
GENESIS MINERALS LIMITED,GMD
GENESIS RESOURCES LIMITED,GES
GENETIC SIGNATURES LIMITED,GSS
GENETIC TECHNOLOGIES LIMITED,GTG
GENEX POWER LIMITED,GNX
GENTRACK GROUP LIMITED,GTK
GENWORTH MORTGAGE INSURANCE AUSTRALIA LIMITED,GMA
GEODYNAMICS LIMITED,GDY
GEOPACIFIC RESOURCES LTD,GPR
GI DYNAMICS, INC
GINDALBIE METALS LTD,GBG
GLADIATOR RESOURCES LIMITED,GLA
GLENEAGLE GOLD LIMITED,GLN
GLENNON SMALL COMPANIES LIMITED,GC1
GLG CORP LTD,GLE
GLOBAL CONSTRUCTION SERVICES LIMITED,GCS
GLOBAL FORTUNE INVESTMENT LIMITED,GFI
GLOBAL GEOSCIENCE LIMITED,GSC
GLOBAL GOLD HOLDINGS LIMITED,GGH
GLOBAL HEALTH LIMITED,GLH
GLOBAL MASTERS FUND LIMITED,GFL
GLOBAL METALS EXPLORATION NL,GXN
GLOBAL PETROLEUM LIMITED,GBP
GLOBAL VALUE FUND LIMITED,GVF
GLOBE INTERNATIONAL LIMITED,GLB
GLOBE METALS & MINING LIMITED,GBE
GME RESOURCES LIMITED,GME
GO ENERGY GROUP LIMITED,GOE
GOCONNECT LIMITED,GCN
GODFREYS GROUP LIMITED,GFY
GOLD MOUNTAIN LIMITED,GMN
GOLD ROAD RESOURCES LIMITED,GOR
GOLDEN CROSS RESOURCES LTD,GCR
GOLDEN DEEPS LIMITED.,GED
GOLDEN EAGLE MINING LTD,GEE
GOLDEN RIM RESOURCES LTD,GMR
GOLDFIELDS MONEY LIMITED,GMY
GOLDPHYRE RESOURCES LIMITED,GPH
GOLDSEARCH LIMITED,GSE
GONDWANA RESOURCES LIMITED,GDA
GOODMAN GROUP,GMG
GOODMAN PLUS TRUST,GMP
GOWING BROS LIMITED,GOW
GPS ALLIANCE HOLDINGS LIMITED,GPS
GPT GROUP,GPT
GPT METRO OFFICE FUND,GMF
GR ENGINEERING SERVICES LIMITED,GNG
GRAINCORP LIMITED,GNC
GRAND GULF ENERGY LIMITED,GGE
GRANDBRIDGE LIMITED,GBA
GRANGE RESOURCES LIMITED.,GRR
GRAPHEX MINING LIMITED,GPX
GRAPHITECORP LIMITED,GRA
GRAYS ECOMMERCE GROUP LIMITED,GEG
GREAT WESTERN EXPLORATION LIMITED.,GTE
GREEN INVEST LIMITED,GNV
GREENCROSS LIMITED,GXL
GREENEARTH ENERGY LIMITED,GER
GREENLAND MINERALS AND ENERGY LIMITED,GGG
GREENPOWER ENERGY LIMITED,GPP
GREENVALE ENERGY LIMITED,GRV
GROWTHPOINT PROPERTIES AUSTRALIA,GOZ
GRYPHON MINERALS LIMITED,GRY
GTI RESOURCES LIMITED,GTR
GULF INDUSTRIALS LIMITED,GLF
GULF MANGANESE CORPORATION LIMITED,GMC
GULLEWA LIMITED,GUL
GWA GROUP LIMITED.,GWA
GWR GROUP LIMITED,GWR
HAMMER METALS LIMITED,HMX
HAMPTON HILL MINING NL,HHM
HANNANS REWARD LIMITED,HNR
HANSEN TECHNOLOGIES LIMITED,HSN
HAOMA MINING NL,HAO
HARANGA RESOURCES LIMITED,HAR
HARVEST MINERALS LTD,HMI
HARVEY NORMAN HOLDINGS LIMITED,HVN
HARVEY TRUST 2006-1,HTR
HASTINGS HIGH YIELD FUND,HHY
HASTINGS TECHNOLOGY METALS LTD,HAS
HAVILAH RESOURCES LIMITED,HAV
HAWKLEY OIL AND GAS LIMITED,HOG
HAWTHORN RESOURCES LIMITED,HAW
HAZER GROUP LIMITED,HZR
HEALTHSCOPE LIMITED.,HSO
HEEMSKIRK CONSOLIDATED LIMITED,HSK
HELIX RESOURCES LIMITED,HLX
HELLOWORLD LIMITED,HLO
HENDERSON GROUP PLC.,HGG
HENRY MORGAN LIMITED,HML
HERITAGE BANK LIMITED,HBS
HERON RESOURCES LIMITED,HRR
HEXAGON RESOURCES LIMITED,HXG
HFA HOLDINGS LIMITED,HFA
HGL LIMITED,HNG
HIGH PEAK ROYALTIES LIMITED,HPR
HIGHFIELD RESOURCES LIMITED,HFR
HIGHLANDS PACIFIC LIMITED,HIG
HILL END GOLD LIMITED,HEG
HILLCREST LITIGATION SERVICES LIMITED.,HLS
HILLGROVE RESOURCES LIMITED,HGO
HILLS LIMITED,HIL
HITECH GROUP AUSTRALIA LIMITED,HIT
HJB CORPORATION LIMITED,HJB
HODGES RESOURCES LIMITED,HDG
HOLISTA COLLTECH LIMITED,HCT
HOMELOANS LIMITED,HOM
HORIZON OIL LIMITED,HZN
HORSESHOE METALS LIMITED,HOR
HOT CHILI LIMITED,HCH
HOTEL PROPERTY INVESTMENTS,HPI
HRL HOLDINGS LTD,HRL
HUB24 LIMITED,HUB
HUDSON INVESTMENT GROUP LIMITED,HGL
HUGHES DRILLING LIMITED,HDX
HUNTER HALL GLOBAL VALUE LIMITED,HHV
HUNTER HALL INTERNATIONAL LIMITED,HHL
HUON AQUACULTURE GROUP LIMITED,HUO
HUTCHISON TELECOMMUNICATIONS (AUSTRALIA) LIMITED,HTA
HYPOTHEKENBANK IN ESSEN AKTIENGESELLSCHAFT,HES
HYUNDAI CAPITAL SERVICES, INC.
IAG FINANCE (NEW ZEALAND) LIMITED,IAN
IBOSSES CORPORATION LIMITED,IB8
ICANDY INTERACTIVE LIMITED,ICI
ICAR ASIA LIMITED,ICQ
ICOLLEGE LIMITED,ICT
ICON ENERGY LIMITED,ICN
ICSGLOBAL LIMITED,ICS
IDOL 2010-1 TRUST,IDF
IDOL 2011-1 TRUST,IDH
IDOL 2011-2 TRUST,IDJ
IDP EDUCATION LIMITED,IEL
IDT AUSTRALIA LIMITED,IDT
IKWEZI MINING LIMITED,IKW
ILLAWARRA SERIES 2006-1 RMBS TRUST,ILA
ILUKA RESOURCES LIMITED,ILU
IM MEDICAL LTD,IMI
IMAGE RESOURCES NL,IMA
IMDEX LIMITED,IMD
IMF BENTHAM LIMITED,IMF
IMMURON LIMITED,IMC
IMPACT MINERALS LIMITED,IPT
IMPEDIMED LIMITED,IPD
IMPERIAL PACIFIC LIMITED,IPC
IMUGENE LIMITED,IMU
IMX RESOURCES LIMITED,IXR
INABOX GROUP LIMITED,IAB
INCA MINERALS LIMITED,ICG
INCITEC PIVOT LIMITED,IPL
INCREMENTAL OIL AND GAS LIMITED,IOG
INDEPENDENCE GROUP NL,IGO
INDIA RESOURCES LIMITED,IRL
INDO MINES LIMITED,IDO
INDOCHINE MINING LIMITED,IDC
INDOOR SKYDIVE AUSTRALIA GROUP LIMITED,IDZ
INDUS COAL LIMITED,ICZ
INDUS ENERGY NL,IND
INDUSTRIA REIT,IDR
INDUSTRIAL AND COMMERCIAL BANK OF CHINA LIMITED,ICB
INFIGEN ENERGY,IFN
INFOMEDIA LTD,IFM
INFRATIL LIMITED.,IFT
INGENIA COMMUNITIES GROUP,INA
INNATE IMMUNOTHERAPEUTICS LIMITED,IIL
INSURANCE AUSTRALIA GROUP LIMITED,IAG
INTEC LTD,INL
INTECQ LIMITED,ITQ
INTEGRAL DIAGNOSTICS LIMITED,IDX
INTEGRATED RESEARCH LIMITED,IRI
INTERMIN RESOURCES LIMITED,IRC
INTERNATIONAL EQUITIES CORPORATION LIMITED.,IEQ
INTERNATIONAL FINANCE CORPORATION,IFX
INTERNATIONAL GOLDFIELDS LIMITED...,IGS
INTERSTAR MILLENIUM SERIES 2006-2G TRUST,INB
INTERSTAR MILLENNIUM SERIES 2002-1G TRUST,IMG
INTERSTAR MILLENNIUM SERIES 2003-3G TRUST,IMX
INTERSTAR MILLENNIUM SERIES 2004-1E TRUST,IMQ
INTERSTAR MILLENNIUM SERIES 2004-2G TRUST,IMK
INTERSTAR MILLENNIUM SERIES 2004-5 TRUST,IMN
INTERSTAR MILLENNIUM SERIES 2005-2L TRUST,IMO
INTERSTAR MILLENNIUM SERIES 2006-3L TRUST,INN
INTERSTAR MILLENNIUM SERIES 2006-4H TRUST,INH
INTRA ENERGY CORPORATION LIMITED,IEC
INTREPID MINES LIMITED,IAU
INTUERI EDUCATION GROUP LIMITED,IQE
INVENTIS LIMITED,IVT
INVESTA OFFICE FUND,IOF
INVESTIGATOR RESOURCES LTD,IVR
INVIGOR GROUP LIMITED,IVO
INVION LIMITED,IVX
INVITROCUE LIMITED,IVQ
INVOCARE LIMITED,IVC
IOOF HOLDINGS LIMITED,IFL
IOT GROUP LIMITED,IOT
IPB PETROLEUM LIMITED,IPB
IPE LIMITED,IPE
IPH LIMITED,IPH
IQ3CORP LIMITED,IQ3
IRESS LIMITED,IRE
IRON MOUNTAIN INCORPORATED,INM
IRON MOUNTAIN MINING LIMITED,IRM
IRON ROAD LIMITED,IRD
IRONBARK CAPITAL LIMITED,IBC
IRONBARK ZINC LTD,IBG
ISELECT LIMITED.,ISU
ISENTIA GROUP LIMITED,ISD
ISENTRIC LIMITED.,ICU
ISHARES ASIA 50 ETF,IAA
ISHARES CHINA LARGE-CAP ETF,IZZ
ISHARES EUROPE ETF,IEU
ISHARES GLOBAL 100 ETF,IOO
ISHARES MSCI BRIC ETF,IBK
ISHARES MSCI EAFE ETF,IVE
ISHARES MSCI EMERGING MARKETS ETF,IEM
ISHARES MSCI HONG KONG ETF,IHK
ISHARES MSCI JAPAN ETF,IJP
ISHARES MSCI SINGAPORE ETF,ISG
ISHARES MSCI SOUTH KOREA CAPPED ETF,IKO
ISHARES MSCI TAIWAN ETF,ITW
ISHARES RUSSELL 2000 ETF,IRU
ISHARES S&P 500 ETF,IVV
ISHARES S&P MID-CAP ETF,IJH
ISHARES S&P SMALL-CAP ETF,IJR
ISHINE INTERNATIONAL RESOURCES LIMITED,ISH
ISIGNTHIS LTD,ISX
ITL LIMITED,ITD
IVE GROUP LIMITED,IGL
IWEBGATE LIMITED,IWG
JACKA RESOURCES LIMITED,JKA
JAMES HARDIE INDUSTRIES PLC,JHX
JAMESON RESOURCES LIMITED,JAL
JAPARA HEALTHCARE LIMITED,JHC
JATENERGY LIMITED,JAT
JAYEX HEALTHCARE LIMITED,JHL
JB HI-FI LIMITED,JBH
JC INTERNATIONAL GROUP LIMITED,JCI
JCURVE SOLUTIONS LTD,JCS
JERVOIS MINING LIMITED,JRV
JINDALEE RESOURCES LIMITED,JRL
JOYCE CORPORATION LTD,JYC
JUMBO INTERACTIVE LIMITED,JIN
JUPITER ENERGY LIMITED,JPR
JUSTKAPITAL LITIGATION PARTNERS LIMITED,JKL
JV GLOBAL LIMITED,JVG
K & S CORPORATION LIMITED,KSC
K2 ASSET MANAGEMENT HOLDINGS LTD,KAM
K2 ENERGY LIMITED.,KTE
KABOKO MINING LIMITED,KAB
KABUNI LTD,KBU
KAILI RESOURCES LIMITED,KLR
KAIRIKI ENERGY LIMITED,KIK
KAIROS MINERALS LIMITED,KAI
KALINA POWER LIMITED,KPO
KALNORTH GOLD MINES LIMITED,KGM
KANGAROO ISLAND PLANTATION TIMBERS LTD,KPT
KANGAROO RESOURCES LIMITED,KRL
KAROON GAS AUSTRALIA LIMITED,KAR
KASBAH RESOURCES LIMITED,KAS
KATANA CAPITAL LIMITED,KAT
KATHMANDU HOLDINGS LIMITED,KMD
KAZAKHSTAN POTASH CORPORATION LIMITED,KPC
KBL MINING LIMITED,KBL
KEY PETROLEUM LIMITED,KEY
KEYBRIDGE CAPITAL LIMITED,KBC
KFW,KFW
KGL RESOURCES LIMITED,KGL
KIBARAN RESOURCES LIMITED,KNL
KIDMAN RESOURCES LIMITED,KDR
KIMBERLEY DIAMONDS LTD,KDL
KIN MINING NL,KIN
KINA PETROLEUM LIMITED,KPL
KINA SECURITIES LIMITED,KSL
KINETIKO ENERGY LTD,KKO
KING ISLAND SCHEELITE LIMITED,KIS
KING OF GOLD GROUP CO LTD,KGG
KING RIVER COPPER LIMITED,KRC
KINGFORM HEALTH HOMETEXTILE GROUP LIMITED,KFG
KINGSGATE CONSOLIDATED LIMITED.,KCN
KINGSLAND GLOBAL LTD,KLO
KINGSROSE MINING LIMITED,KRM
KINGSTON RESOURCES LIMITED,KSN
KIP MCGRATH EDUCATION CENTRES LIMITED,KME
KNEOMEDIA LIMITED,KNM
KNOSYS LIMITED,KNO
KOGI IRON LIMITED,KFE
KOLLAKORN CORPORATION LIMITED,KKL
KONEKT LIMITED,KKT
KOOLSEE NEW MEDIA GROUP LIMITED,KMA
KOON HOLDINGS LIMITED,KNH
KORAB RESOURCES LIMITED,KOR
KOREA SOUTH-EAST POWER CO LTD,KOP
KORVEST LTD,KOV
KRAKATOA RESOURCES LIMITED,KTA
KRESTA HOLDINGS LIMITED,KRS
KTL TECHNOLOGIES LIMITED,KTL
KULA GOLD LIMITED,KGD
LACHLAN STAR LIMITED,LSA
LACONIA RESOURCES LIMITED,LCR
LAKE RESOURCES N.L.,LKE
LAKES OIL NL,LKO
LAND & HOMES GROUP LIMITED,LHM
LANDMARK WHITE LIMITED,LMW
LANEWAY RESOURCES LTD,LNY
LANKA GRAPHITE LIMITED,LGR
LANTERN HOTEL GROUP,LTN
LARAMIDE RESOURCES LTD,LAM
LASERBOND LIMITED,LBL
LATAM AUTOS LIMITED,LAA
LATIN RESOURCES LIMITED,LRS
LATITUDE CONSOLIDATED LIMITED,LCD
LATROBE MAGNESIUM LIMITED,LMG
LAWSON GOLD LIMITED,LSN
LBT INNOVATIONS LIMITED,LBT
LEAF RESOURCES LTD,LER
LEGACY IRON ORE LIMITED,LCY
LEGEND CORPORATION LIMITED,LGD
LEGEND MINING LIMITED,LEG
LEIGH CREEK ENERGY LIMITED,LCK
LENDLEASE GROUP,LLC
LEYSHON RESOURCES LIMITED,LRL
LIFE CORPORATION LTD,LFC
LIFEHEALTHCARE GROUP LIMITED,LHC
LIFESTYLE COMMUNITIES LIMITED,LIC
LINCOLN MINERALS LIMITED,LML
LINDIAN RESOURCES LIMITED,LIN
LINDSAY AUSTRALIA LIMITED,LAU
LINIUS TECHNOLOGIES LIMITED,LNU
LINK ADMINISTRATION HOLDINGS LIMITED,LNK
LION ENERGY LIMITED,LIO
LION ONE METALS LIMITED,LLO
LION SELECTION GROUP LIMITED.,LSX
LIONHUB GROUP LIMITED,LHB
LIONTOWN RESOURCES LIMITED,LTR
LIQUEFIED NATURAL GAS LIMITED,LNG
LITHEX RESOURCES LIMITED,LTX
LITHIUM AUSTRALIA NL,LIT
LIVEHIRE LIMITED,LVH
LIVETILES LIMITED,LVT
LIVING CELL TECHNOLOGIES LIMITED,LCT
LIVING CITIES DEVELOPMENT GROUP LIMITED,LCG
LOCALITY PLANNING ENERGY HOLDINGS LIMITED,LPE
LODESTAR MINERALS LIMITED,LSR
LOGICAMMS LIMITED,LCM
LONDON CITY EQUITIES LIMITED,LCE
LONESTAR RESOURCES LIMITED,LNR
LONGREACH OIL LIMITED,LGO
LOVISA HOLDINGS LIMITED,LOV
LUCAPA DIAMOND COMPANY LIMITED,LOM
LUIRI GOLD LIMITED,LGM
LWP TECHNOLOGIES LIMITED,LWP
LYCOPODIUM LIMITED,LYL
LYNAS CORPORATION LIMITED,LYC
MACA LIMITED,MLD
MACH7 TECHNOLOGIES LIMITED,M7T
MACMAHON HOLDINGS LIMITED,MAH
MACPHERSONS RESOURCES LIMITED,MRP
MACQUARIE ATLAS ROADS GROUP,MQA
MACQUARIE BANK LIMITED,MBL
MACQUARIE GROUP LIMITED,MQG
MACQUARIE MEDIA LIMITED,MRN
MACQUARIE TELECOM GROUP LIMITED,MAQ
MAGELLAN FINANCIAL GROUP LIMITED,MFG
MAGELLAN FLAGSHIP FUND LIMITED,MFF
MAGNETIC RESOURCES NL,MAU
MAGNETITE MINES LIMITED.,MGT
MAGNIS RESOURCES LIMITED.,MNS
MAGNUM GAS & POWER LIMITED,MPE
MAGNUM MINING AND EXPLORATION LIMITED,MGU
MAGONTEC LIMITED,MGL
MAINSTREAMBPO LIMITED,MAI
MALABAR COAL LIMITED,MBC
MALACHITE RESOURCES LIMITED,MAR
MANAGED ACCOUNTS HOLDINGS LIMITED,MGP
MANALTO LIMITED,MTL
MANAS RESOURCES LIMITED,MSR
MANDALONG RESOURCES LIMITED,MDD
MANHATTAN CORPORATION LIMITED,MHC
MANTLE MINING CORPORATION LIMITED,MNM
MANTRA GROUP LIMITED,MTR
MARENICA ENERGY LTD,MEY
MARETERRAM LIMITED,MTM
MARINDI METALS LIMITED,MZN
MARINER CORPORATION LIMITED,MCX
MARMOTA ENERGY LIMITED,MEU
MARTIN AIRCRAFT COMPANY LIMITED,MJP
MASTERMYNE GROUP LIMITED,MYE
MATRIX COMPOSITES & ENGINEERING LIMITED,MCE
MATSA RESOURCES LIMITED,MAT
MAVERICK DRILLING AND EXPLORATION LIMITED,MAD
MAXIMUS RESOURCES LIMITED,MXR
MAXITRANS INDUSTRIES LIMITED,MXI
MAXSEC GROUP LIMITED,MSP
MAYNE PHARMA GROUP LIMITED,MYX
MCALEESE LIMITED,MCS
MCGRATH LIMITED,MEA
MCMILLAN SHAKESPEARE LIMITED,MMS
MCPHERSON'S LIMITED,MCP
MCS SERVICES LIMITED,MSG
MEC RESOURCES LIMITED,MMR
MEDADVISOR LIMITED,MDR
MEDALLION TRUST SERIES 2013-2,MBJ
MEDALLION TRUST SERIES 2014-1,MDZ
MEDALLION TRUST SERIES 2014-1P,MPZ
MEDALLION TRUST SERIES 2014-2,MZB
MEDALLION TRUST SERIES 2015-1,MZA
MEDALLION TRUST SERIES 2015-2,MZC
MEDALLION TRUST SERIES 2016-1,MZF
MEDIBANK PRIVATE LIMITED,MPL
MEDIBIO LIMITED,MEB
MEDICAL AUSTRALIA LIMITED,MLA
MEDICAL DEVELOPMENTS INTERNATIONAL LIMITED,MVP
MEDIGARD LIMITED,MGZ
MEDIVAC LIMITED,MDV
MEDLAB CLINICAL LIMITED,MDC
MEDTECH GLOBAL LIMITED,MDG
MEDUSA MINING LIMITED,MML
MEGAPORT LIMITED,MP1
MELBOURNE IT LIMITED,MLB
MEO AUSTRALIA LIMITED,MEO
MERCANTILE INVESTMENT COMPANY LTD,MVT
MERCHANT HOUSE INTERNATIONAL LIMITED,MHI
MERIDIAN ENERGY LIMITED,MEZ
MERLIN DIAMONDS LIMITED,MED
MESA MINERALS LIMITED,MAS
MESOBLAST LIMITED,MSB
METAL BANK LIMITED,MBK
METALICITY LIMITED,MCT
METALIKO RESOURCES LIMITED,MKO
METALLICA MINERALS LIMITED,MLM
METALLUM LIMITED,MNE
METALS AUSTRALIA LTD,MLS
METALS OF AFRICA LIMITED,MTA
METALS X LIMITED,MLX
METCASH LIMITED,MTS
METEORIC RESOURCES NL,MEI
METGASCO LIMITED,MEL
METLIFECARE LIMITED,MEQ
METMINCO LIMITED,MNC
METRO MINING LIMITED,MMI
METRO PERFORMANCE GLASS LIMITED,MPP
MG UNIT TRUST,MGC
MGC PHARMACEUTICALS LTD,MXC
MGM WIRELESS LIMITED,MWR
MGT RESOURCES LIMITED,MGS
MHM METALS LIMITED,MHM
MICRO-X LIMITED,MX1
MIDDLE ISLAND RESOURCES LIMITED,MDI
MIGHTY RIVER POWER LIMITED,MYT
MIGME LIMITED,MIG
MILLENNIUM MINERALS LIMITED,MOY
MILLENNIUM SERVICES GROUP LIMITED,MIL
MILLINIUM'S ALTERNATIVES FUND.,MAX
MILTON CORPORATION LIMITED,MLT
MINBOS RESOURCES LIMITED,MNB
MINCOR RESOURCES NL,MCR
MINDAX LIMITED,MDX
MINERA GOLD LIMITED,MIZ
MINERAL COMMODITIES LTD,MRC
MINERAL DEPOSITS LIMITED,MDL
MINERAL RESOURCES LIMITED,MIN
MINOTAUR EXPLORATION LTD,MEP
MINQUEST LIMITED,MNQ
MINREX RESOURCES LIMITED,MRR
MINT PAYMENTS LIMITED,MNW
MINTAILS LIMITED,MLI
MIRABELA NICKEL LIMITED,MBN
MIRRABOOKA INVESTMENTS LIMITED,MIR
MIRVAC GROUP,MGR
MISSION NEWENERGY LIMITED,MBT
MITCHELL SERVICES LIMITED,MSV
MITHRIL RESOURCES LIMITED,MTH
MITULA GROUP LIMITED,MUA
MMA OFFSHORE LIMITED,MRM
MMG LIMITED,MMG
MMJ PHYTOTECH LIMITED,MMJ
MNC MEDIA INVESTMENT LTD,MIH
MNF GROUP LIMITED,MNF
MOBILARM LIMITED,MBO
MOBILE EMBRACE LIMITED,MBE
MOD RESOURCES LIMITED,MOD
MOKO SOCIAL MEDIA LIMITED,MKB
MOLOPO ENERGY LIMITED,MPO
MOLY MINES LIMITED,MOL
MONADELPHOUS GROUP LIMITED,MND
MONASH ABSOLUTE INVESTMENT COMPANY LIMITED,MA1
MONASH IVF GROUP LIMITED,MVF
MONAX MINING LIMITED,MOX
MONEY3 CORPORATION LIMITED,MNY
MONGOLIAN RESOURCE CORPORATION LTD,MUB
MONTECH HOLDINGS LIMITED,MOQ
MONTEZUMA MINING COMPANY LTD,MZM
MORETON RESOURCES LTD,MRV
MORTGAGE CHOICE LIMITED,MOC
MOTOPIA LIMITED,MOT
MOTORCYCLE HOLDINGS LIMITED,MTO
MOUNT BURGESS MINING NL,MTB
MOUNT GIBSON IRON LIMITED,MGX
MOUNT MAGNET SOUTH LIMITED,MUM
MOUNT RIDLEY MINES LIMITED,MRD
MRG METALS LIMITED,MRQ
MSM CORPORATION INTERNATIONAL LTD,MSM
MULTIPLEX SITES TRUST,MXU
MULTISTACK INTERNATIONAL LIMITED,MSI
MURCHISON HOLDINGS LIMITED,MCH
MUSGRAVE MINERALS LIMITED,MGV
MUSTANG RESOURCES LIMITED,MUS
MUSTERA PROPERTY GROUP LIMITED,MPX
MYER HOLDINGS LIMITED,MYR
MYFIZIQ LIMITED,MYQ
MYOB GROUP LIMITED,MYO
MYSTATE LIMITED,MYS
MZI RESOURCES LTD,MZI
N1 HOLDINGS LIMITED,N1H
NAGAMBIE RESOURCES LIMITED,NAG
NAMIBIAN COPPER NL,NCO
NAMOI COTTON CO-OPERATIVE LIMITED,NAM
NANOSONICS LIMITED,NAN
NAOS ABSOLUTE OPPORTUNITIES COMPANY LIMITED,NAC
NAOS EMERGING OPPORTUNITIES COMPANY LIMITED,NCC
NATIONAL AUSTRALIA BANK LIMITED,NAB
NATIONAL RMBS TRUST 2011-1 SERIES 2011-1,NAF
NATIONAL RMBS TRUST 2011-2 SERIES 2011-2,NAO
NATIONAL RMBS TRUST 2012-2 SERIES 2012-2,NAH
NATIONAL RMBS TRUST 2015-1 SERIES 2015-1,NAJ
NATIONAL STORAGE REIT,NSR
NATIONAL VETERINARY CARE LTD,NVL
NAVARRE MINERALS LIMITED,NML
NAVIGATOR RESOURCES LIMITED,NAV
NAVITAS LIMITED,NVT
NB MONTHLY INCOME TRUST,NBI
NEARMAP LTD,NEA
NEMEX RESOURCES LIMITED,NXR
NEOMETALS LTD,NMT
NEON CAPITAL LTD,NEN
NEPTUNE MARINE SERVICES LIMITED,NMS
NETCCENTRIC LIMITED,NCL
NETCOMM WIRELESS LIMITED,NTC
NEUREN PHARMACEUTICALS LIMITED,NEU
NEVADA IRON LTD,NVI
NEW AGE EXPLORATION LIMITED,NAE
NEW GUINEA ENERGY LTD,NGE
NEW HOPE CORPORATION LIMITED,NHC
NEW HORIZON COAL LTD,NHO
NEW STANDARD ENERGY LIMITED,NSE
NEW TALISMAN GOLD MINES LIMITED,NTL
NEW ZEALAND OIL & GAS LIMITED,NZO
NEWCREST MINING LIMITED,NCM
NEWFIELD RESOURCES LIMITED,NWF
NEWHAVEN HOTELS LIMITED,NHH
NEWS CORPORATION..,NWS
NEWZULU LIMITED,NWZ
NEX METALS EXPLORATION LIMITED,NME
NEXTDC LIMITED,NXT
NEXUS MINERALS LIMITED,NXM
NIB HOLDINGS LIMITED,NHF
NICK SCALI LIMITED,NCK
NICKELORE LIMITED,NIO
NIDO PETROLEUM LIMITED,NDO
NINE ENTERTAINMENT CO. HOLDINGS LIMITED,NEC
NIUMINCO GROUP LIMITED,NIU
NKWE PLATINUM LIMITED,NKP
NOBLE MINERAL RESOURCES LIMITED,NMG
NONI B LIMITED,NBL
NORDIC INVESTMENT BANK,NIB
NORTHERN IRON LIMITED,NFE
NORTHERN MANGANESE LIMITED,NTM
NORTHERN MINERALS LIMITED,NTU
NORTHERN MINING LIMITED,NMI
NORTHERN STAR RESOURCES LTD,NST
NORWEST ENERGY NL,NWE
NORWOOD SYSTEMS LIMITED,NOR
NOVARISE RENEWABLE RESOURCES INTERNATIONAL LIMITED,NOE
NOVATTI GROUP LIMITED,NOV
NOVOGEN LIMITED,NRT
NRW HOLDINGS LIMITED,NWH
NSL CONSOLIDATED LIMITED,NSL
NSX LIMITED,NSX
NUCOAL RESOURCES LIMITED,NCR
NUENERGY GAS LIMITED,NGY
NUFARM FINANCE (NZ) LIMITED,NFN
NUFARM LIMITED,NUF
NUHEARA LIMITED,NUH
NUPLEX INDUSTRIES LIMITED.,NPX
NUSEP HOLDINGS LTD,NSP
NYOTA MINERALS LIMITED,NYO
OAKAJEE CORPORATION LIMITED,OKJ
OAKDALE RESOURCES LIMITED,OAR
OBJ LIMITED,OBJ
OBJECTIVE CORPORATION LIMITED,OCL
OCEANAGOLD CORPORATION,OGC
OCEANIA CAPITAL PARTNERS LIMITED,OCP
OCHRE GROUP HOLDINGS LIMITED,OGH
OCTANEX N.L.,OXX
ODIN ENERGY LIMITED,ODN
ODYSSEY ENERGY LIMITED,ODY
OIL BASINS LIMITED,OBL
OIL SEARCH LIMITED,OSH
OILEX LTD,OEX
OILFIELD WORKFORCE GROUP LIMITED,OFW
OKLO RESOURCES LIMITED,OKU
OLDFIELDS HOLDINGS LIMITED,OLH
OM HOLDINGS LIMITED,OMH
OMNI MARKET TIDE LTD,OMT
ONCOSIL MEDICAL LTD,OSL
ONEALL INTERNATIONAL LIMITED,1AL
ONEVIEW HEALTHCARE PLC,ONE
ONEVUE HOLDINGS LIMITED,OVH
ONTERRAN LIMITED,OTR
ONTHEHOUSE HOLDINGS LIMITED,OTH
OOH!MEDIA LIMITED,OML
OOKAMI LIMITED,OOK
OPTHEA LIMITED,OPT
OPTISCAN IMAGING LIMITED,OIL
OPUS GROUP LIMITED,OPG
ORBITAL CORPORATION LIMITED,OEC
ORCA ENERGY LIMITED,OGY
ORECORP LIMITED,ORR
ORH LIMITED,ORH
ORICA LIMITED,ORI
ORIENTAL TECHNOLOGIES INVESTMENT LIMITED,OTI
ORIGIN ENERGY LIMITED,ORG
ORINOCO GOLD LIMITED,OGX
ORION EQUITIES LIMITED,OEQ
ORION GOLD NL,ORN
ORION HEALTH GROUP LIMITED,OHE
ORION METALS LIMITED,ORM
ORO VERDE LIMITED,OVL
OROCOBRE LIMITED,ORE
ORORA LIMITED,ORA
OROTONGROUP LIMITED,ORL
ORPHEUS ENERGY LIMITED,OEG
ORREX RESOURCES LTD,ORX
ORTHOCELL LIMITED,OCC
OSPREY MEDICAL INC,OSP
OTHERLEVELS HOLDINGS LIMITED,OLV
OTOC LIMITED,OTC
OTTO ENERGY LIMITED,OEL
OVER THE WIRE HOLDINGS LIMITED,OTW
OVERLAND RESOURCES LIMITED,OVR
OZ BREWING LIMITED,OZB
OZ MINERALS LIMITED,OZL
OZFOREX GROUP LIMITED,OFX
OZGROWTH LIMITED,OZG
OZTRADE PUBLISHING GROUP LIMITED,OZT
PACIFIC AMERICAN COAL LIMITED,PAK
PACIFIC BRANDS LIMITED,PBG
PACIFIC CURRENT GROUP LIMITED,PAC
PACIFIC ENERGY LIMITED,PEA
PACIFIC ENVIRONMENT LIMITED,PEH
PACIFIC MINING LIMITED,PFM
PACIFIC ORE LIMITED,PSF
PACIFIC SMILES GROUP LIMITED,PSQ
PACIFIC STAR NETWORK LIMITED,PNW
PACIFICO MINERALS LIMITED,PMY
PACT GROUP HOLDINGS LTD,PGH
PADBURY MINING LIMITED,PDY
PALADIN ENERGY LTD,PDN
PAN ASIA CORPORATION LIMITED,PZC
PAN PACIFIC PETROLEUM NL,PPP
PANCONTINENTAL OIL & GAS NL,PCL
PANORAMA SYNERGY LTD,PSY
PANORAMIC RESOURCES LIMITED,PAN
PANTERRA GOLD LIMITED,PGI
PANTORO LIMITED,PNR
PAPERLINX SPS TRUST,PXU
PAPYRUS AUSTRALIA LIMITED,PPY
PARADIGM BIOPHARMACEUTICALS LIMITED..,PAR
PARADIGM METALS LIMITED,PDM
PARAGON CARE LIMITED,PGC
PARAMOUNT MINING CORPORATION LTD,PCP
PARINGA RESOURCES LIMITED,PNL
PARMELIA RESOURCES LIMITED,PML
PATRYS LIMITED,PAB
PATTIES FOODS LTD,PFL
PAWNEE ENERGY LIMITED,PAW
PAYCE CONSOLIDATED LIMITED,PAY
PAYNES FIND GOLD LIMITED,PNE
PEAK RESOURCES LIMITED,PEK
PEAKO LIMITED,PKO
PEEL MINING LIMITED,PEX
PEET LIMITED,PPC
PEGASUS METALS LIMITED,PUN
PELICAN RESOURCES LIMITED,PEL
PENINSULA ENERGY LIMITED,PEN
PENINSULA MINES LIMITED,PSM
PENTAL LIMITED,PTL
PEPINNINI MINERALS LIMITED,PNN
PEPPER GROUP LIMITED,PEP
PEPPERMINT INNOVATION LIMITED,PIL
PERPETUAL EQUITY INVESTMENT COMPANY LIMITED,PIC
PERPETUAL LIMITED,PPT
PERPETUAL RESOURCES LIMITED,PEC
PERSEUS MINING LIMITED,PRU
PETRATHERM LTD,PTR
PETREL ENERGY LIMITED,PRL
PETSEC ENERGY LIMITED,PSA
PHARMANET GROUP LIMITED,PNO
PHARMAUST LIMITED,PAA
PHARMAXIS LTD,PXS
PHILEO AUSTRALIA LIMITED,PHI
PHILLIPS RIVER MINING LIMITED,PRH
PHOSLOCK WATER SOLUTIONS LIMITED,PHK
PHOSPHAGENICS LIMITED,POH
PHOSPHATE AUSTRALIA LIMITED,POZ
PHYLOGICA LIMITED,PYC
PILBARA MINERALS LIMITED,PLS
PILOT ENERGY LIMITED,PGY
PIONEER CREDIT LIMITED,PNC
PIONEER RESOURCES LIMITED,PIO
PIXIE GROUP LIMITED,PEG
PLANET GAS LIMITED,PGS
PLATINA RESOURCES LIMITED,PGM
PLATINUM ASIA INVESTMENTS LIMITED,PAI
PLATINUM ASSET MANAGEMENT LIMITED,PTM
PLATINUM CAPITAL LIMITED,PMC
PLATYPUS MINERALS LTD,PLP
PLUKKA LIMITED,PKA
PLUTON RESOURCES LIMITED,PLV
PLYMOUTH MINERALS LIMITED,PLH
PM CAPITAL ASIAN OPPORTUNITIES FUND LIMITED,PAF
PM CAPITAL GLOBAL OPPORTUNITIES FUND LIMITED,PGF
PMP LIMITED,PMP
PNX METALS LIMITED,PNX
PO VALLEY ENERGY LIMITED,PVE
POLYNOVO LIMITED,PNV
POSEIDON NICKEL LIMITED,POS
POTASH WEST NL,PWN
POWER RESOURCES LIMITED,PWW
PPK GROUP LIMITED,PPK
PRAEMIUM LIMITED,PPS
PRAIRIE MINING LIMITED,PDZ
PRANA BIOTECHNOLOGY LIMITED,PBT
PREDICTIVE DISCOVERY LIMITED,PDI
PREMIER INVESTMENTS LIMITED,PMV
PREMIERE EASTERN ENERGY LIMITED,PEZ
PRESCIENT THERAPEUTICS LIMITED,PTX
PRIMA BIOMED LTD,PRR
PRIMARY GOLD LIMITED,PGO
PRIMARY HEALTH CARE LIMITED,PRY
PRIMARY OPINION LIMITED,POP
PRIME FINANCIAL GROUP LIMITED,PFG
PRIME MEDIA GROUP LIMITED,PRT
PRO MEDICUS LIMITED,PME
PRO-PAC PACKAGING LIMITED,PPG
PROBIOTEC LIMITED,PBP
PROGRAMMED MAINTENANCE SERVICES LIMITED,PRG
PROGRESS 2010-1 TRUST,POB
PROMESA LIMITED,PRA
PROPERTY CONNECT HOLDINGS LIMITED,PCH
PROPHECY INTERNATIONAL HOLDINGS LIMITED,PRO
PROSPECT RESOURCES LIMITED,PSC
PROSPERITY RESOURCES LIMITED,PSP
PROTEAN WAVE ENERGY LTD,POW
PROTEOMICS INTERNATIONAL LABORATORIES LTD,PIQ
PROTO RESOURCES & INVESTMENTS LTD,PRW
PROVINCE OF ONTARIO,PON
PRYME ENERGY LIMITED,PYM
PS&C LIMITED,PSZ
PSC INSURANCE GROUP LIMITED,PSI
PSIVIDA CORP.,PVA
PTB GROUP LIMITED,PTB
PUBLIC HOLDINGS (AUSTRALIA) LIMITED,PHA
PULSE HEALTH LIMITED,PHG
PUMA MASTERFUND H-1,PUH
PUMA MASTERFUND P-13,PUI
PUMA MASTERFUND P-16,PUB
PUMA MASTERFUND S-6,PUD
PUMA MASTERFUND S-8,PUG
PUMA SERIES 2013-1,PUJ
PUMA SERIES 2014-1,PUK
PUMA SERIES 2014-2,PUO
PUMA SERIES 2014-4P,PUQ
PUMA SERIES 2015-1,PUU
PUMA SERIES 2015-3,PUV
PURA VIDA ENERGY NL,PVD
PUREPROFILE LTD,PPL
PWR HOLDINGS LIMITED,PWH
Q TECHNOLOGY GROUP LIMITED,QTG
QANTAS AIRWAYS LIMITED,QAN
QBE INSURANCE GROUP LIMITED,QBE
QMS MEDIA LIMITED,QMS
QRXPHARMA LTD,QRX
QUANTUM ENERGY LIMITED.,QTM
QUANTUM RESOURCES LIMITED,QUR
QUBE HOLDINGS LIMITED,QUB
QUEBEC,QBC
QUEENSLAND BAUXITE LIMITED,QBL
QUEENSLAND MINING CORPORATION LIMITED,QMN
QUEENSLAND TREASURY CORPORATION,XQL
QUEST INVESTMENTS LIMITED,QST
QUEST MINERALS LIMITED,QNL
QUESTE COMMUNICATIONS LIMITED,QUE
QUESTUS LIMITED,QSS
QUICKFLIX LIMITED,QFX
QUICKSTEP HOLDINGS LIMITED,QHL
QV EQUITIES LIMITED,QVE
RADAR IRON LIMITED,RAD
RAFFLES CAPITAL LIMITED,RAF
RAM RESOURCES LIMITED,RMR
RAMELIUS RESOURCES LIMITED,RMS
RAMS MORTGAGE SECURITIES TRUST SERIES 2006-1,RMM
RAMS MORTGAGE SECURITIES TRUST SERIES 2007-1HE,RMB
RAMS MORTGAGE SECURITIES TRUST SERIES 2007-2H,RMH
RAMS MORTGAGE SECURITIES TRUST SERIES 2007-3,RMF
RAMSAY HEALTH CARE LIMITED,RHC
RAND MINING LIMITED,RND
RANGE RESOURCES LIMITED,RRS
RAPTIS GROUP LIMITED,RPG
RAWSON RESOURCES LIMITED,RAW
RBR GROUP LIMITED,RBR
RCG CORPORATION LIMITED,RCG
RCR TOMLINSON LIMITED,RCR
REA GROUP LTD,REA
REAL ENERGY CORPORATION LIMITED,RLE
REAL ESTATE CAPITAL PARTNERS USA PROPERTY TRUST,RCU
REAL ESTATE INVESTAR GROUP LIMITED,REV
REALM RESOURCES LIMITED,RRP
RECCE LIMITED,RCE
RECKON LIMITED,RKN
RECTIFIER TECHNOLOGIES LTD,RFT
RED 5 LIMITED,RED
RED EMPEROR RESOURCES NL,RMP
RED HILL IRON LIMITED,RHI
RED METAL LIMITED,RDM
RED MOUNTAIN MINING LIMITED,RMX
RED RIVER RESOURCES LIMITED,RVR
RED SKY ENERGY LIMITED.,ROG
REDBANK COPPER LIMITED,RCP
REDBANK ENERGY LIMITED,AEJ
REDBUBBLE LIMITED,RBL
REDCHIP INTERNATIONAL LIMITED,R3D
REDFLEX HOLDINGS LIMITED,RDF
REDFLOW LIMITED,RFX
REDHILL EDUCATION LIMITED,RDH
REDSTONE RESOURCES LIMITED,RDS
REECE LIMITED,REH
REEDY LAGOON CORPORATION LIMITED,RLC
REEF CASINO TRUST,RCT
REFFIND LIMITED,RFN
REFRESH GROUP LIMITED,RGP
REGAL RESOURCES LIMITED,RER
REGALPOINT RESOURCES LIMITED,RGU
REGENEUS LTD,RGS
REGIONAL EXPRESS HOLDINGS LIMITED,REX
REGIS HEALTHCARE LIMITED,REG
REGIS RESOURCES LIMITED,RRL
RELIANCE WORLDWIDE CORPORATION LIMITED,RWC
RENAISSANCE MINERALS LIMITED,RNS
RENASCOR RESOURCES LIMITED,RNU
RENT.COM.AU LIMITED,RNT
REPRODUCTIVE HEALTH SCIENCE LIMITED,RHS
RESAPP HEALTH LIMITED,RAP
RESIMAC TRIOMPHE TRUST,RTT
RESMED INC,RMD
RESOLUTE MINING LIMITED,RSG
RESONANCE HEALTH LIMITED,RHT
RESOURCE BASE LIMITED,RBX
RESOURCE DEVELOPMENT GROUP LIMITED,RDG
RESOURCE GENERATION LIMITED,RES
RESOURCE MINING CORPORATION LIMITED,RMI
RESOURCES & ENERGY GROUP LIMITED,REZ
RESPIRI LIMITED,RSH
RETAIL FOOD GROUP LIMITED,RFG
REVA MEDICAL, INC
REVERSE CORP LIMITED,REF
REWARD MINERALS LTD,RWD
REWARDLE HOLDINGS LIMITED,RXH
REX MINERALS LIMITED,RXM
REY RESOURCES LIMITED,REY
RHINOMED LIMITED,RNO
RHIPE LIMITED,RHP
RICHFIELD INTERNATIONAL LIMITED,RIS
RIDLEY CORPORATION LIMITED,RIC
RIEDEL RESOURCES LIMITED,RIE
RIFT VALLEY RESOURCES LIMITED.,RVY
RIMFIRE PACIFIC MINING NL,RIM
RIO TINTO LIMITED,RIO
RISION LIMITED,RNL
RIVER ROCK ENERGY LIMITED,RRR
RMA ENERGY LIMITED,RMT
RMG LIMITED,RMG
RNI NL.,RNI
RNY PROPERTY TRUST,RNY
RONGTAI INTERNATIONAL GROUP HOLDINGS LIMITED,RIG
ROX RESOURCES LIMITED,RXL
ROYAL WOLF HOLDINGS LIMITED,RWH
ROYALCO RESOURCES LIMITED,RCO
RTG MINING INC.,RTG
RUBICOR GROUP LIMITED,RUB
RUBIK FINANCIAL LIMITED,RFL
RUM JUNGLE RESOURCES LTD,RUM
RUMBLE RESOURCES LIMITED,RTR
RUNGEPINCOCKMINARCO LIMITED,RUL
RURAL FUNDS GROUP,RFF
RURALCO HOLDINGS LIMITED,RHL
RXP SERVICES LIMITED,RXP
RYDER CAPITAL LIMITED,RYD
S2 RESOURCES LTD,S2R
SABRE RESOURCES LIMITED,SBR
SACGASCO LIMITED,SGC
SAFEROADS HOLDINGS LIMITED,SRH
SAGALIO ENERGY LIMITED,SAN
SAI GLOBAL LIMITED,SAI
SALMAT LIMITED,SLM
SALT LAKE POTASH LIMITED,SO4
SAMSON OIL & GAS LIMITED,SSN
SANDFIRE RESOURCES NL,SFR
SANDON CAPITAL INVESTMENTS LIMITED,SNC
SANTANA MINERALS LIMITED,SMI
SANTOS LIMITED,STO
SARACEN MINERAL HOLDINGS LIMITED,SAR
SAUNDERS INTERNATIONAL LIMITED,SND
SAYONA MINING LIMITED,SYA
SCENTRE GROUP,SCG
SCENTRE GROUP TRUST 1,SCW
SCENTRE GROUP TRUST 1 AND SCENTRE GROUP TRUST 2,SCA
SCHAFFER CORPORATION LIMITED,SFC
SCIGEN LIMITED,SIE
SCOTGOLD RESOURCES LIMITED,SGZ
SDI LIMITED,SDI
SEAFARMS GROUP LIMITED,SFG
SEALINK TRAVEL GROUP LIMITED,SLK
SECOS GROUP LTD,SES
SECURITISED AUSTRALIAN MORTGAGE TRUST 2008-1,SAJ
SECURITISED AUSTRALIAN MORTGAGE TRUST 2011-1,SAC
SEEK LIMITED,SEK
SEGUE RESOURCES LIMITED,SEG
SELECT HARVESTS LIMITED,SHV
SENETAS CORPORATION LIMITED,SEN
SENEX ENERGY LIMITED,SXY
SEQUOIA FINANCIAL GROUP LTD,SEQ
SERIES 2007-1 HARVEY TRUST,HTV
SERIES 2007-2 REDS TRUST,REQ
SERIES 2009-1 WST TRUST,WSC
SERIES 2010-1 REDS TRUST,REK
SERIES 2010-2 REDS TRUST,RDA
SERIES 2011-1 WST TRUST,WSH
SERIES 2011-2 WST TRUST,WSJ
SERIES 2011-3 WST TRUST,WSN
SERIES 2012-1 WST TRUST,WSO
SERIES 2012-1E REDS EHP TRUST,RFA
SERIES 2012-1E REDS TRUST,RFB
SERIES 2013-1 HARVEY TRUST,HTB
SERIES 2013-1 WST TRUST,WSQ
SERIES 2013-2 WST TRUST,WSD
SERIES 2014-1 WST TRUST,WSZ
SERIES 2014-2 WST TRUST,WEK
SERIES 2015-1 WST TRUST,WEJ
SERVCORP LIMITED,SRV
SERVICE STREAM LIMITED,SSM
SEVEN GROUP HOLDINGS LIMITED,SVW
SEVEN WEST MEDIA LIMITED,SWM
SEYMOUR WHYTE LIMITED,SWL
SG FLEET GROUP LIMITED,SGF
SHAREROOT LTD,SRO
SHARK MITIGATION SYSTEMS LIMITED,SM8
SHAW RIVER MANGANESE LIMITED,SRR
SHEFFIELD RESOURCES LIMITED,SFX
SHENHUA INTERNATIONAL LIMITED,SHU
SHINE CORPORATE LTD,SHJ
SHOPLY LIMITED,SHP
SHOPPING CENTRES AUSTRALASIA PROPERTY GROUP,SCP
SHREE MINERALS LIMITED,SHH
SHRIRO HOLDINGS LIMITED,SHM
SIBURAN RESOURCES LIMITED,SBU
SIETEL LIMITED,SSL
SIGMA PHARMACEUTICALS LIMITED,SIP
SIHAYO GOLD LIMITED,SIH
SILEX SYSTEMS LIMITED,SLX
SILVER CHEF LIMITED,SIV
SILVER CITY MINERALS LIMITED,SCI
SILVER LAKE RESOURCES LIMITED,SLR
SILVER MINES LIMITED,SVL
SIMAVITA LIMITED,SVA
SIMONDS GROUP LIMITED,SIO
SIMS METAL MANAGEMENT LIMITED,SGM
SINO AUSTRALIA OIL & GAS LIMITED,SAO
SINO GAS & ENERGY HOLDINGS LIMITED,SEH
SINO-EXCEL ENERGY LIMITED,SLE
SINOVUS MINING LIMITED,SNV
SIPA RESOURCES LIMITED,SRI
SIRTEX MEDICAL LIMITED,SRX
SITE GROUP INTERNATIONAL LIMITED,SIT
SIV ASSET MANAGEMENT LIMITED,SAM
SKIN ELEMENTS LIMITED,SKN
SKY NETWORK TELEVISION LIMITED.,SKT
SKYCITY ENTERTAINMENT GROUP LIMITED,SKC
SKYDIVE THE BEACH GROUP LIMITED,SKB
SKYFII LTD,SKF
SKYLAND PETROLEUM LIMITED,SKP
SLATER & GORDON LIMITED,SGH
SMART ABS SERIES 2014-2E TRUST,SAB
SMART ABS SERIES 2014-4 TRUST,SSE
SMART ABS SERIES 2015-2 TRUST,SMT
SMART ABS SERIES 2015-4E TRUST,SXB
SMART PARKING LIMITED,SPZ
SMARTGROUP CORPORATION LTD,SIQ
SMARTPAY HOLDINGS LIMITED,SMP
SMARTTRANS HOLDINGS LTD,SMA
SML CORPORATION LIMITED,SOP
SMS MANAGEMENT & TECHNOLOGY LIMITED.,SMX
SOIL SUB TECHNOLOGIES LIMITED,SOI
SOLIMAR ENERGY LIMITED.,SXS
SOMNOMED LIMITED,SOM
SONIC HEALTHCARE LIMITED,SHL
SOON MINING LIMITED,SMG
SOUTH AMERICAN IRON & STEEL CORPORATION LIMITED,SAY
SOUTH EAST ASIA RESOURCES LIMITED,SXI
SOUTH PACIFIC RESOURCES LIMITED,SPB
SOUTH32 LIMITED,S32
SOUTHERN CROSS ELECTRICAL ENGINEERING LTD,SXE
SOUTHERN CROSS EXPLORATION N.L.,SXX
SOUTHERN CROSS MEDIA GROUP LIMITED,SXL
SOUTHERN CROWN RESOURCES LIMITED,SWR
SOUTHERN GOLD LIMITED,SAU
SOUTHERN HEMISPHERE MINING LIMITED,SUH
SOVEREIGN GOLD COMPANY LIMITED,SOC
SOVEREIGN METALS LIMITED,SVM
SPARK INFRASTRUCTURE GROUP,SKI
SPARK NEW ZEALAND LIMITED,SPK
SPDR S&P/ASX 200 FUND,STW
SPDR S&P/ASX 200 LISTED PROPERTY FUND,SLF
SPDR S&P/ASX 50 FUND,SFY
SPECIALTY FASHION GROUP LIMITED,SFH
SPECTRUM RARE EARTHS LIMITED,SPX
SPEEDCAST INTERNATIONAL LIMITED,SDA
SPHERE MINERALS LIMITED,SPH
SPICERS LIMITED,SRS
SPITFIRE MATERIALS LTD,SPI
SPOOKFISH LIMITED,SFI
SPOTLESS GROUP HOLDINGS LIMITED,SPO
SPRING FG LIMITED,SFL
SPRINTEX LIMITED,SIX
SRG LIMITED,STS
ST BARBARA LIMITED,SBM
ST GEORGE MINING LIMITED,SGQ
STANFIELD FUNDS MANAGEMENT LIMITED,SFN
STANMORE COAL LIMITED,SMR
STAR STRIKER LIMITED,SRT
STARGROUP LIMITED,STL
STARPHARMA HOLDINGS LIMITED,SPL
STAVELY MINERALS LIMITED,SVY
STEADFAST GROUP LIMITED,SDF
STEAMSHIPS TRADING COMPANY LIMITED,SST
STELLAR RESOURCES LIMITED,SRZ
STEMCELL UNITED LIMITED,SCU
STERLING PLANTATIONS LIMITED,SBI
STOCKLAND,SGP
STOKES LIMITED,SKS
STONE RESOURCES AUSTRALIA LIMITED,SHK
STONEWALL RESOURCES LIMITED,SWJ
STORY-I LIMITED,SRY
STRANDLINE RESOURCES LIMITED,STA
STRATA-X ENERGY LIMITED,SXA
STRATEGIC ELEMENTS LIMITED,SOR
STRATEGIC ENERGY RESOURCES LIMITED,SER
STRATEGIC MINERALS CORPORATION NL,SMC
STREAM GROUP LIMITED,SGO
STRIKE ENERGY LIMITED,STX
STRIKE RESOURCES LIMITED,SRK
STRUCTURAL MONITORING SYSTEMS PLC,SMN
STW COMMUNICATIONS GROUP LIMITED,SGN
SUBZERO GROUP LIMITED,SZG
SUCCESS GLOBAL MEDIA LIMITED,SGU
SUDA LTD,SUD
SUGAR DRAGON LIMITED,SDC
SUMATRA COPPER & GOLD PLC,SUM
SUMMERSET GROUP HOLDINGS LIMITED,SNZ
SUMMIT RESOURCES LIMITED,SMM
SUN RESOURCES NL,SUR
SUNBIRD ENERGY LIMITED,SNY
SUNBRIDGE GROUP LIMITED,SBB
SUNCORP GROUP LIMITED,SUN
SUNCORP-METWAY LIMITED .,SBK
SUNDANCE ENERGY AUSTRALIA LIMITED,SEA
SUNDANCE RESOURCES LIMITED,SDL
SUNLAND GROUP LIMITED,SDG
SUNVEST CORPORATION LIMITED,SVS
SUPER RETAIL GROUP LIMITED,SUL
SUPERIOR RESOURCES LIMITED,SPQ
SUPERLOOP LIMITED,SLC
SUPPLY NETWORK LIMITED,SNL
SURFSTITCH GROUP LIMITED,SRF
SWALA ENERGY LIMITED,SWE
SWICK MINING SERVICES LTD,SWK
SYDNEY AIRPORT,SYD
SYNDICATED METALS LIMITED,SMD
SYNGAS LIMITED,SYS
SYRAH RESOURCES LIMITED,SYR
TABCORP HOLDINGS LIMITED,TAH
TAG PACIFIC LIMITED,TAG
TAKORADI LIMITED,TKG
TALGA RESOURCES LTD,TLG
TALISMAN MINING LIMITED,TLM
TALON PETROLEUM LIMITED,TPD
TAMASKA OIL AND GAS LTD,TMK
TAMAWOOD LIMITED,TWD
TANAMI GOLD NL,TAM
TANGA RESOURCES LIMITED,TRL
TAP OIL LIMITED,TAP
TARGET ENERGY LIMITED,TEX
TARUGA GOLD LIMITED,TAR
TASFOODS LIMITED,TFL
TASMAN RESOURCES LTD,TAS
TASMANIA MINES LIMITED,TMM
TASSAL GROUP LIMITED,TGR
TATTS GROUP LIMITED,TTS
TAWANA RESOURCES NL,TAW
TBG DIAGNOSTICS LIMITED,TDL
TECH MPIRE LIMITED,TMP
TECHNICHE LIMITED.,TCN
TECHNOLOGY ONE LIMITED,TNE
TEGEL GROUP HOLDINGS LIMITED,TGH
TELSTRA CORPORATION LIMITED.,TLS
TEMPLE & WEBSTER GROUP LTD,TPW
TEMPLETON GLOBAL GROWTH FUND LIMITED,TGG
TEMPO AUSTRALIA LTD,TPP
TEN NETWORK HOLDINGS LIMITED,TEN
TERANGA GOLD CORPORATION,TGZ
TERRACOM LIMITED,TER
TERRAIN MINERALS LIMITED,TMX
TERRAMIN AUSTRALIA LIMITED.,TZN
TESSERENT LIMITED,TNT
TEST SECURITY,TES
TFS CORPORATION LIMITED,TFC
THE A2 MILK COMPANY LIMITED,A2M
THE CARAJAS COPPER COMPANY LIMITED,CJC
THE CITADEL GROUP LIMITED,CGL
THE FOOD REVOLUTION GROUP LIMITED,FOD
THE PAS GROUP LIMITED,PGR
THE REJECT SHOP LIMITED,TRS
THE STAR ENTERTAINMENT GROUP LIMITED,SGR
THE WATERBERG COAL COMPANY LIMITED,WCC
THINK CHILDCARE LIMITED,TNK
THINKSMART LIMITED,TSM
THO SERVICES LIMITED,THO
THOMSON RESOURCES LIMITED,TMZ
THOR MINING PLC,THR
THORN GROUP LIMITED,TGA
THORNEY OPPORTUNITIES LTD,TOP
THREAT PROTECT AUSTRALIA LIMITED,TPS
THUNDELARRA LIMITED,THX
TIAN AN AUSTRALIA LIMITED,TIA
TIAN POH RESOURCES LIMITED,TPO
TIGER RESOURCES LIMITED,TGS
TIGERS REALM COAL LIMITED,TIG
TIKFORCE LIMITED,TKF
TIMAH RESOURCES LIMITED,TML
TIMPETRA RESOURCES LIMITED,TPR
TITAN ENERGY SERVICES LIMITED,TTN
TLOU ENERGY LIMITED,TOU
TNG LIMITED,TNG
TOMIZONE LIMITED,TOM
TOP END MINERALS LIMITED,TND
TOPBETTA HOLDINGS LIMITED,TBH
TOPTUNG LTD,TTW
TORIAN RESOURCES LIMITED,TNR
TORO ENERGY LIMITED,TOE
TORRENS 2009-3 TRUST,TRB
TORRENS SERIES 2010-1 TRUST,TRP
TORRENS SERIES 2010-2 TRUST,TRK
TORRENS SERIES 2010-3 TRUST,TOA
TORRENS SERIES 2013-1 TRUST,TNB
TORRENS SERIES 2013-2 TRUST,TNF
TORRENS SERIES 2014-1 TRUST,TNH
TORRENS SERIES 2014-2 TRUST,TOZ
TORRENS SERIES 2015-1 TRUST,TNJ
TOTAL FACE GROUP LIMITED,TFG
TOUCHCORP LIMITED,TCH
TOWER LIMITED,TWR
TOX FREE SOLUTIONS LIMITED,TOX
TPC CONSOLIDATED LIMITED,TPC
TPG TELECOM LIMITED,TPM
TPI ENTERPRISES LIMITED,TPE
TRAC GROUP HOLDINGS LIMITED,TRC
TRADE ME GROUP LIMITED,TME
TRADITIONAL THERAPY CLINICS LIMITED,TTC
TRAFFIC TECHNOLOGIES LTD.,TTI
TRAKA RESOURCES LIMITED,TKL
TRANSACTION SOLUTIONS INTERNATIONAL LIMITED,TSN
TRANSCENDENCE TECHNOLOGIES LIMITED,TTL
TRANSERV ENERGY LIMITED,TSV
TRANSMETRO CORPORATION LIMITED,TCO
TRANSURBAN GROUP,TCL
TREASURY CORPORATION OF VICTORIA,XVG
TREASURY WINE ESTATES LIMITED,TWE
TRIANGLE ENERGY (GLOBAL) LIMITED,TEG
TRIBUNE RESOURCES LIMITED,TBR
TRIPLE ENERGY LIMITED,TNP
TRITON MINERALS LTD,TON
TROY RESOURCES LIMITED,TRY
TRUSCOTT MINING CORPORATION LIMITED,TRM
TRUSTEES AUSTRALIA LIMITED,TAU
TTA HOLDINGS LIMITED,TTA
TTE PETROLEUM LTD,TTE
TTG FINTECH LIMITED,TUP
TUNGSTEN MINING NL,TGN
TV2U INTERNATIONAL LIMITED,TV2
TW HOLDINGS LIMITED,TWH
TYCHEAN RESOURCES LTD,TYK
TYRANNA RESOURCES LIMITED,TYX
TYRIAN DIAGNOSTICS LIMITED,TDX
TZ LIMITED,TZL
UCW LIMITED,UCW
UGL LIMITED,UGL
UIL ENERGY LTD,UIL
ULTIMA UNITED LIMITED,UUL
UNILIFE CORPORATION,UNS
UNITED OVERSEAS AUSTRALIA LIMITED,UOS
UNITY MINING LIMITED,UML
UNITY PACIFIC GROUP,UPG
UNIVERSAL BIOSENSORS INC.,UBI
UNIVERSAL COAL PLC,UNV
UPDATER INC,UPD
URANIUM EQUITIES LIMITED,UEQ
URANIUM RESOURCES INC,URI
URANIUMSA LIMITED,USA
URBANISE.COM LIMITED,UBN
US MASTERS HOLDINGS LIMITED,USH
US MASTERS RESIDENTIAL PROPERTY FUND,URF
US RESIDENTIAL FUND,USR
US SELECT PRIVATE OPPORTUNITIES FUND,USF
US SELECT PRIVATE OPPORTUNITIES FUND II,USG
USCOM LIMITED,UCM
VALENCE INDUSTRIES LIMITED,VXL
VALMEC LIMITED,VMX
VANGO MINING LIMITED,VAN
VARISCAN MINES LIMITED,VAR
VDM GROUP LIMITED,VMG
VEALLS LIMITED,VEL
VECTOR RESOURCES LIMITED,VEC
VECTUS BIOSYSTEMS LIMITED,VBS
VELPIC LIMITED,VPC
VENTNOR RESOURCES LTD,VRX
VENTURE MINERALS LIMITED,VMS
VENTUREX RESOURCES LIMITED,VXR
VENUS METALS CORPORATION LIMITED,VMC
VIAGOLD CAPITAL LIMITED,VIA
VICINITY CENTRES,VCX
VICINITY CENTRES TRUST,VCD
VICTOR GROUP HOLDINGS LIMITED,VIG
VICTORY MINES LIMITED,VIC
VIENTO GROUP LIMITED,VIE
VIETNAM INDUSTRIAL INVESTMENTS LIMITED,VII
VIKING MINES LIMITED,VKA
VILLA WORLD LIMITED.,VLW
VILLAGE ROADSHOW LIMITED,VRL
VIMY RESOURCES LIMITED,VMY
VIRALYTICS LIMITED,VLA
VIRGIN AUSTRALIA HOLDINGS LIMITED,VAH
VIRTUS HEALTH LIMITED,VRT
VISTA GROUP INTERNATIONAL LIMITED.,VGL
VISUAL AMPLIFIERS LIMITED,VMP
VITA GROUP LIMITED,VTG
VITA LIFE SCIENCES LIMITED.,VSC
VITACO HOLDINGS LIMITED,VIT
VITAL METALS LIMITED,VML
VMOTO LIMITED,VMT
VOCATION LIMITED,VET
VOCUS COMMUNICATIONS LIMITED,VOC
VOLPARA HEALTH TECHNOLOGIES LIMITED,VHT
VOLT RESOURCES LIMITED,VRC
VOLTA MINING LIMITED,VTM
VOLTAGE IP LIMITED,VIP
VOYAGER GLOBAL GROUP LTD,VGR
WAKENBY LIMITED,WAK
WALKABOUT RESOURCES LTD,WKT
WAM ACTIVE LIMITED,WAA
WAM CAPITAL LIMITED,WAM
WAM LEADERS LIMITED,WLE
WAM RESEARCH LIMITED,WAX
WANGLE TECHNOLOGIES LIMITED,WGL
WARATAH RESOURCES LIMITED,WGO
WARRNAMBOOL CHEESE & BUTTER FACTORY CO.HOLD.LTD,WCB
WASHINGTON H SOUL PATTINSON & COMPANY LIMITED,SOL
WATER RESOURCES GROUP LIMITED,WRG
WATERCO LIMITED,WAT
WATERMARK MARKET NEUTRAL FUND LIMITED,WMK
WATPAC LIMITED,WTP
WAVENET INTERNATIONAL LIMITED,WAL
WCP RESOURCES LIMITED,WCP
WDS LIMITED,WDS
WEA FINANCE LLC AND WESTFIELD UK & EUROPE FINANCE PLC,WEF
WEALTH DEFENDER EQUITIES LIMITED,WDE
WEBJET LIMITED,WEB
WEBSTER LIMITED,WBA
WELLARD LIMITED,WLD
WELLCOM GROUP LIMITED,WLL
WESFARMERS LIMITED,WES
WEST AFRICAN RESOURCES LIMITED,WAF
WEST WITS MINING LIMITED,WWI
WESTERN AREAS LIMITED,WSA
WESTERN MINING NETWORK LIMITED,WMN
WESTFIELD CORPORATION,WFD
WESTOZ INVESTMENT COMPANY LIMITED,WIC
WESTPAC BANKING CORPORATION,WBC
WESTPAC TPS TRUST,WCT
WHITE CLIFF MINERALS LIMITED,WCN
WHITE ENERGY COMPANY LIMITED,WEC
WHITE ROCK MINERALS LIMITED,WRM
WHITEFIELD LIMITED,WHF
WHITEHAVEN COAL LIMITED,WHC
WHL ENERGY LIMITED,WHN
WILSON GROUP LIMITED,WIG
WINCHESTER ENERGY LTD,WEL
WINDIMURRA VANADIUM LIMITED,WVL
WINDWARD RESOURCES LTD,WIN
WINGARA AG LTD,WNR
WINHA COMMERCE AND TRADE INTERNATIONAL LTD,WQW
WINMAR RESOURCES LIMITED,WFE
WISETECH GLOBAL LIMITED,WTC
WOLF MINERALS LIMITED,WLF
WOLF PETROLEUM LTD,WOF
WOLFSTRIKE RENTALS GROUP LIMITED,WSG
WOLLONGONG COAL LIMITED,WLC
WONHE MULTIMEDIA COMMERCE LTD,WMC
WOODSIDE PETROLEUM LIMITED,WPL
WOOLWORTHS LIMITED,WOW
WORLD REACH LIMITED,WRR
WORLD TITANIUM RESOURCES LIMITED,WTR
WORLD.NET SERVICES LIMITED,WNS
WORLEYPARSONS LIMITED,WOR
WPG RESOURCES LTD,WPG
XANADU MINES LTD,XAM
XENITH IP GROUP LIMITED,XIP
XERO LIMITED,XRO
XPD SOCCER GEAR GROUP LIMITED,XPD
XPED LIMITED,XPE
XREF LIMITED,XF1
XRF SCIENTIFIC LIMITED,XRF
XSTATE RESOURCES LIMITED,XST
XTD LTD,XTD
XTEK LIMITED.,XTE
XTV NETWORKS LTD,XTV
YANCOAL AUSTRALIA LIMITED,YAL
YANCOAL SCN LIMITED,YCN
YANGHAO INTERNATIONAL LIMITED,YHL
YELLOW BRICK ROAD HOLDINGS LIMITED,YBR
YONDER AND BEYOND GROUP LIMITED,YNB
YOWIE GROUP LTD,YOW
YPB GROUP LTD,YPB
Z ENERGY LIMITED.,ZEL
ZAMANCO MINERALS LIMITED,ZAM
ZAMBEZI RESOURCES LIMITED,ZRL
ZAMIA METALS LIMITED,ZGM
ZENITH MINERALS LIMITED,ZNC
ZETA PETROLEUM PLC,ZTA
ZETA RESOURCES LIMITED,ZER
ZEUS RESOURCES LIMITED,ZEU
ZICOM GROUP LIMITED,ZGL
ZIMPLATS HOLDINGS LIMITED,ZIM
ZIPMONEY LTD,ZML
ZIPTEL LIMITED,ZIP
ZYBER HOLDINGS LTD,ZYB
ZYL LIMITED,ZYL